issue,kh,kt,ko,prev_issue,prev_draw,formula_h,formula_t,formula_o,draw,h_hit,t_hit,o_hit,all_hit,status,source,predicted_at,verified_at
2025086,3,3,3,2025085,338,1*bL+3*sL+1*spr+5,2*sum2+2*bp+1*gp+7,3*d3+3*bo+2*dg+9,388,0,1,1,0,partial,backfill,回填,回填
2025087,1,3,2,2025086,388,1*bL+3*sL+1*spr+5,2*sum2+2*bp+1*gp+7,3*d3+3*bo+2*dg+9,826,1,1,1,1,hit,backfill,回填,回填
2025088,8,1,7,2025087,826,1*bL+3*sL+1*spr+5,2*sum2+2*bp+1*gp+7,3*d3+3*bo+2*dg+9,022,1,1,1,1,hit,backfill,回填,回填
2025089,3,2,1,2025088,022,1*bL+3*sL+1*spr+5,2*sum2+2*bp+1*gp+7,3*d3+3*bo+2*dg+9,658,1,1,1,1,hit,backfill,回填,回填
2025090,1,5,0,2025089,658,1*bL+3*sL+1*spr+5,2*sum2+2*bp+1*gp+7,3*d3+3*bo+2*dg+9,159,0,0,1,0,partial,backfill,回填,回填
2025091,1,0,6,2025090,159,1*bL+3*sL+1*spr+5,2*sum2+2*bp+1*gp+7,3*d3+3*bo+2*dg+9,135,0,1,1,0,partial,backfill,回填,回填
2025092,6,2,0,2025091,135,1*bL+3*sL+1*spr+5,2*sum2+2*bp+1*gp+7,3*d3+3*bo+2*dg+9,317,1,1,1,1,hit,backfill,回填,回填
2025093,8,2,4,2025092,317,1*bL+3*sL+1*spr+5,2*sum2+2*bp+1*gp+7,3*d3+3*bo+2*dg+9,545,1,1,1,1,hit,backfill,回填,回填
2025094,5,0,1,2025093,545,1*bL+3*sL+1*spr+5,2*sum2+2*bp+1*gp+7,3*d3+3*bo+2*dg+9,649,1,1,1,1,hit,backfill,回填,回填
2025095,8,0,2,2025094,649,1*bL+3*sL+1*spr+5,2*sum2+2*bp+1*gp+7,3*d3+3*bo+2*dg+9,068,1,1,1,1,hit,backfill,回填,回填
2025096,7,0,3,2025095,068,1*bL+3*sL+1*spr+5,2*sum2+2*bp+1*gp+7,3*d3+3*bo+2*dg+9,385,1,1,1,1,hit,backfill,回填,回填
2025097,1,0,5,2025096,385,1*bL+3*sL+1*spr+5,2*sum2+2*bp+1*gp+7,3*d3+3*bo+2*dg+9,542,1,1,1,1,hit,backfill,回填,回填
2025098,4,7,2,2025097,542,1*bL+3*sL+1*spr+5,2*sum2+2*bp+1*gp+7,3*d3+3*bo+2*dg+9,714,1,1,1,1,hit,backfill,回填,回填
2025099,6,9,5,2025098,714,1*bL+3*sL+1*spr+5,2*sum2+2*bp+1*gp+7,3*d3+3*bo+2*dg+9,707,1,1,1,1,hit,backfill,回填,回填
2025100,5,0,9,2025099,707,1*bL+3*sL+1*spr+5,2*sum2+2*bp+1*gp+7,3*d3+3*bo+2*dg+9,953,1,1,1,1,hit,backfill,回填,回填
2025101,2,6,0,2025100,953,1*bL+3*sL+1*spr+5,2*sum2+2*bp+1*gp+7,3*d3+3*bo+2*dg+9,016,1,1,1,1,hit,backfill,回填,回填
2025102,4,0,0,2025101,016,1*bL+3*sL+1*spr+5,2*sum2+2*bp+1*gp+7,3*d3+3*bo+2*dg+9,161,1,1,1,1,hit,backfill,回填,回填
2025103,4,4,7,2025102,161,1*bL+3*sL+1*spr+5,2*sum2+2*bp+1*gp+7,3*d3+3*bo+2*dg+9,370,1,1,1,1,hit,backfill,回填,回填
2025104,6,9,1,2025103,370,1*bL+3*sL+1*spr+5,2*sum2+2*bp+1*gp+7,3*d3+3*bo+2*dg+9,877,1,1,1,1,hit,backfill,回填,回填
2025105,8,2,3,2025104,877,1*bL+3*sL+1*spr+5,2*sum2+2*bp+1*gp+7,3*d3+3*bo+2*dg+9,015,1,1,1,1,hit,backfill,回填,回填
2025106,1,0,7,2025105,015,1*bL+3*sL+1*spr+5,2*sum2+2*bp+1*gp+7,3*d3+3*bo+2*dg+9,752,1,1,1,1,hit,backfill,回填,回填
2025107,3,7,5,2025106,752,1*bL+3*sL+1*spr+5,2*sum2+2*bp+1*gp+7,3*d3+3*bo+2*dg+9,027,1,1,1,1,hit,backfill,回填,回填
2025108,7,2,4,2025107,027,1*bL+3*sL+1*spr+5,2*sum2+2*bp+1*gp+7,3*d3+3*bo+2*dg+9,407,1,1,1,1,hit,backfill,回填,回填
2025109,1,4,0,2025108,407,1*bL+3*sL+1*spr+5,2*sum2+2*bp+1*gp+7,3*d3+3*bo+2*dg+9,841,1,0,1,0,partial,backfill,回填,回填
2025110,9,8,6,2025109,841,1*bL+3*sL+1*spr+5,2*sum2+2*bp+1*gp+7,3*d3+3*bo+2*dg+9,914,0,1,1,0,partial,backfill,回填,回填
2025111,9,3,7,2025110,914,1*bL+3*sL+1*spr+5,2*sum2+2*bp+1*gp+7,3*d3+3*bo+2*dg+9,270,1,1,1,1,hit,backfill,回填,回填
2025112,4,7,2,2025111,270,1*bL+3*sL+1*spr+5,2*sum2+2*bp+1*gp+7,3*d3+3*bo+2*dg+9,954,1,1,1,1,hit,backfill,回填,回填
2025113,3,1,3,2025112,954,1*bL+3*sL+1*spr+5,2*sum2+2*bp+1*gp+7,3*d3+3*bo+2*dg+9,635,1,1,1,1,hit,backfill,回填,回填
2025114,4,2,7,2025113,635,1*bL+3*sL+1*spr+5,2*sum2+2*bp+1*gp+7,3*d3+3*bo+2*dg+9,375,1,1,1,1,hit,backfill,回填,回填
2025115,1,8,8,2025114,375,1*bL+3*sL+1*spr+5,2*sum2+2*bp+1*gp+7,3*d3+3*bo+2*dg+9,206,1,1,1,1,hit,backfill,回填,回填
2025116,9,5,9,2025115,206,1*bL+3*sL+1*spr+5,2*sum2+2*bp+1*gp+7,3*d3+3*bo+2*dg+9,320,1,1,1,1,hit,backfill,回填,回填
2025117,7,9,6,2025116,320,1*bL+3*sL+1*spr+5,2*sum2+2*bp+1*gp+7,3*d3+3*bo+2*dg+9,849,1,1,1,1,hit,backfill,回填,回填
2025118,2,8,2,2025117,849,1*bL+3*sL+1*spr+5,2*sum2+2*bp+1*gp+7,3*d3+3*bo+2*dg+9,621,1,1,1,1,hit,backfill,回填,回填
2025119,3,6,6,2025118,621,1*bL+3*sL+1*spr+5,2*sum2+2*bp+1*gp+7,3*d3+3*bo+2*dg+9,315,0,1,1,0,partial,backfill,回填,回填
2025120,9,6,2,2025119,315,1*bL+3*sL+1*spr+5,2*sum2+2*bp+1*gp+7,3*d3+3*bo+2*dg+9,912,0,1,0,0,partial,backfill,回填,回填
2025121,2,1,9,2025120,912,1*bL+3*sL+1*spr+5,2*sum2+2*bp+1*gp+7,3*d3+3*bo+2*dg+9,120,1,1,1,1,hit,backfill,回填,回填
2025122,9,5,4,2025121,120,1*bL+3*sL+1*spr+5,2*sum2+2*bp+1*gp+7,3*d3+3*bo+2*dg+9,488,1,1,1,1,hit,backfill,回填,回填
2025123,8,9,5,2025122,488,1*bL+3*sL+1*spr+5,2*sum2+2*bp+1*gp+7,3*d3+3*bo+2*dg+9,725,1,1,0,0,partial,backfill,回填,回填
2025124,9,4,5,2025123,725,1*bL+3*sL+1*spr+5,2*sum2+2*bp+1*gp+7,3*d3+3*bo+2*dg+9,809,1,1,1,1,hit,backfill,回填,回填
2025125,8,0,4,2025124,809,1*bL+3*sL+1*spr+5,2*sum2+2*bp+1*gp+7,3*d3+3*bo+2*dg+9,351,1,1,1,1,hit,backfill,回填,回填
2025126,3,0,8,2025125,351,1*bL+3*sL+1*spr+5,2*sum2+2*bp+1*gp+7,3*d3+3*bo+2*dg+9,320,0,1,1,0,partial,backfill,回填,回填
2025127,3,9,6,2025126,320,1*bL+3*sL+1*spr+5,2*sum2+2*bp+1*gp+7,3*d3+3*bo+2*dg+9,431,1,1,1,1,hit,backfill,回填,回填
2025128,0,0,7,2025127,431,1*bL+3*sL+1*spr+5,2*sum2+2*bp+1*gp+7,3*d3+3*bo+2*dg+9,814,1,1,1,1,hit,backfill,回填,回填
2025129,1,3,4,2025128,814,1*bL+3*sL+1*spr+5,2*sum2+2*bp+1*gp+7,3*d3+3*bo+2*dg+9,915,1,1,1,1,hit,backfill,回填,回填
2025130,7,0,6,2025129,915,1*bL+3*sL+1*spr+5,2*sum2+2*bp+1*gp+7,3*d3+3*bo+2*dg+9,204,1,0,1,0,partial,backfill,回填,回填
2025131,7,9,9,2025130,204,1*bL+3*sL+1*spr+5,2*sum2+2*bp+1*gp+7,3*d3+3*bo+2*dg+9,203,1,1,1,1,hit,backfill,回填,回填
2025132,7,6,6,2025131,203,1*bL+3*sL+1*spr+5,2*sum2+2*bp+1*gp+7,3*d3+3*bo+2*dg+9,689,1,1,1,1,hit,backfill,回填,回填
2025133,7,8,4,2025132,689,1*bL+3*sL+1*spr+5,2*sum2+2*bp+1*gp+7,3*d3+3*bo+2*dg+9,645,1,1,1,1,hit,backfill,回填,回填
2025134,7,4,4,2025133,645,1*bL+3*sL+1*spr+5,2*sum2+2*bp+1*gp+7,3*d3+3*bo+2*dg+9,748,0,0,1,0,partial,backfill,回填,回填
2025135,9,3,0,2025134,748,1*bL+3*sL+1*spr+5,2*sum2+2*bp+1*gp+7,3*d3+3*bo+2*dg+9,458,1,1,1,1,hit,backfill,回填,回填
2025136,4,3,8,2025135,458,1*bL+3*sL+1*spr+5,2*sum2+2*bp+1*gp+7,3*d3+3*bo+2*dg+9,113,1,1,1,1,hit,backfill,回填,回填
2025137,9,6,8,2025136,113,1*bL+3*sL+1*spr+5,2*sum2+2*bp+1*gp+7,3*d3+3*bo+2*dg+9,838,1,1,0,0,partial,backfill,回填,回填
2025138,2,7,4,2025137,838,1*bL+3*sL+1*spr+5,2*sum2+2*bp+1*gp+7,3*d3+3*bo+2*dg+9,296,0,1,1,0,partial,backfill,回填,回填
2025139,9,3,4,2025138,296,1*bL+3*sL+1*spr+5,2*sum2+2*bp+1*gp+7,3*d3+3*bo+2*dg+9,598,1,1,1,1,hit,backfill,回填,回填
2025140,5,3,9,2025139,598,1*bL+3*sL+1*spr+5,2*sum2+2*bp+1*gp+7,3*d3+3*bo+2*dg+9,149,1,1,0,0,partial,backfill,回填,回填
2025141,3,8,9,2025140,149,1*bL+3*sL+1*spr+5,2*sum2+2*bp+1*gp+7,3*d3+3*bo+2*dg+9,202,1,1,1,1,hit,backfill,回填,回填
2025142,8,3,1,2025141,202,1*bL+3*sL+1*spr+5,2*sum2+2*bp+1*gp+7,3*d3+3*bo+2*dg+9,916,1,1,1,1,hit,backfill,回填,回填
2025143,7,5,5,2025142,916,1*bL+3*sL+1*spr+5,2*sum2+2*bp+1*gp+7,3*d3+3*bo+2*dg+9,256,1,0,1,0,partial,backfill,回填,回填
2025144,2,5,2,2025143,256,1*bL+3*sL+1*spr+5,2*sum2+2*bp+1*gp+7,3*d3+3*bo+2*dg+9,666,1,1,1,1,hit,backfill,回填,回填
2025145,2,9,9,2025144,666,1*bL+3*sL+1*spr+5,2*sum2+2*bp+1*gp+7,3*d3+3*bo+2*dg+9,267,0,1,1,0,partial,backfill,回填,回填
2025146,5,8,4,2025145,267,1*bL+3*sL+1*spr+5,2*sum2+2*bp+1*gp+7,3*d3+3*bo+2*dg+9,897,1,1,1,1,hit,backfill,回填,回填
2025147,9,6,5,2025146,897,1*bL+3*sL+1*spr+5,2*sum2+2*bp+1*gp+7,3*d3+3*bo+2*dg+9,321,1,1,1,1,hit,backfill,回填,回填
2025148,8,4,3,2025147,321,1*bL+3*sL+1*spr+5,2*sum2+2*bp+1*gp+7,3*d3+3*bo+2*dg+9,838,0,1,1,0,partial,backfill,回填,回填
2025149,0,7,8,2025148,838,1*bL+3*sL+1*spr+5,2*sum2+2*bp+1*gp+7,3*d3+3*bo+2*dg+9,734,1,1,1,1,hit,backfill,回填,回填
2025150,1,3,7,2025149,734,1*bL+3*sL+1*spr+5,2*sum2+2*bp+1*gp+7,3*d3+3*bo+2*dg+9,321,1,1,1,1,hit,backfill,回填,回填
2025151,7,4,9,2025150,321,1*bL+3*sL+1*spr+5,2*sum2+2*bp+1*gp+7,3*d3+3*bo+2*dg+9,718,0,1,1,0,partial,backfill,回填,回填
2025152,6,7,7,2025151,718,1*bL+3*sL+1*spr+5,2*sum2+2*bp+1*gp+7,3*d3+3*bo+2*dg+9,210,1,1,1,1,hit,backfill,回填,回填
2025153,6,5,6,2025152,210,1*bL+3*sL+1*spr+5,2*sum2+2*bp+1*gp+7,3*d3+3*bo+2*dg+9,069,1,1,1,1,hit,backfill,回填,回填
2025154,6,0,6,2025153,069,1*bL+3*sL+1*spr+5,2*sum2+2*bp+1*gp+7,3*d3+3*bo+2*dg+9,923,1,1,1,1,hit,backfill,回填,回填
2025155,5,0,3,2025154,923,1*bL+3*sL+1*spr+5,2*sum2+2*bp+1*gp+7,3*d3+3*bo+2*dg+9,499,1,1,1,1,hit,backfill,回填,回填
2025156,8,2,1,2025155,499,1*bL+3*sL+1*spr+5,2*sum2+2*bp+1*gp+7,3*d3+3*bo+2*dg+9,775,1,1,1,1,hit,backfill,回填,回填
2025157,9,4,0,2025156,775,1*bL+3*sL+1*spr+5,2*sum2+2*bp+1*gp+7,3*d3+3*bo+2*dg+9,969,0,1,1,0,partial,backfill,回填,回填
2025158,5,4,9,2025157,969,1*bL+3*sL+1*spr+5,2*sum2+2*bp+1*gp+7,3*d3+3*bo+2*dg+9,701,1,1,1,1,hit,backfill,回填,回填
2025159,2,6,9,2025158,701,1*bL+3*sL+1*spr+5,2*sum2+2*bp+1*gp+7,3*d3+3*bo+2*dg+9,073,1,1,1,1,hit,backfill,回填,回填
2025160,2,2,5,2025159,073,1*bL+3*sL+1*spr+5,2*sum2+2*bp+1*gp+7,3*d3+3*bo+2*dg+9,503,1,1,1,1,hit,backfill,回填,回填
2025161,6,0,1,2025160,503,1*bL+3*sL+1*spr+5,2*sum2+2*bp+1*gp+7,3*d3+3*bo+2*dg+9,748,1,1,1,1,hit,backfill,回填,回填
2025162,0,3,4,2025161,748,1*bL+3*sL+1*spr+5,2*sum2+2*bp+1*gp+7,3*d3+3*bo+2*dg+9,275,1,1,1,1,hit,backfill,回填,回填
2025163,2,4,9,2025162,275,1*bL+3*sL+1*spr+5,2*sum2+2*bp+1*gp+7,3*d3+3*bo+2*dg+9,636,1,1,1,1,hit,backfill,回填,回填
2025164,9,3,0,2025163,636,1*bL+3*sL+1*spr+5,2*sum2+2*bp+1*gp+7,3*d3+3*bo+2*dg+9,337,1,0,1,0,partial,backfill,回填,回填
2025165,9,6,6,2025164,337,1*bL+3*sL+1*spr+5,2*sum2+2*bp+1*gp+7,3*d3+3*bo+2*dg+9,609,1,1,1,1,hit,backfill,回填,回填
2025166,7,2,0,2025165,609,1*bL+3*sL+1*spr+5,2*sum2+2*bp+1*gp+7,3*d3+3*bo+2*dg+9,808,1,1,1,1,hit,backfill,回填,回填
2025167,1,1,1,2025166,808,1*bL+3*sL+1*spr+5,2*sum2+2*bp+1*gp+7,3*d3+3*bo+2*dg+9,702,1,1,1,1,hit,backfill,回填,回填
2025168,3,7,6,2025167,702,1*bL+3*sL+1*spr+5,2*sum2+2*bp+1*gp+7,3*d3+3*bo+2*dg+9,514,1,1,1,1,hit,backfill,回填,回填
2025169,2,3,5,2025168,514,1*bL+3*sL+1*spr+5,2*sum2+2*bp+1*gp+7,3*d3+3*bo+2*dg+9,978,1,1,1,1,hit,backfill,回填,回填
2025170,0,9,3,2025169,978,1*bL+3*sL+1*spr+5,2*sum2+2*bp+1*gp+7,3*d3+3*bo+2*dg+9,475,1,1,1,1,hit,backfill,回填,回填
2025171,4,2,9,2025170,475,1*bL+3*sL+1*spr+5,2*sum2+2*bp+1*gp+7,3*d3+3*bo+2*dg+9,113,1,1,1,1,hit,backfill,回填,回填
2025172,7,6,4,2025171,113,1*bL+3*sL+1*spr+5,2*sum2+2*bp+1*gp+7,3*d3+3*bo+2*dg+9,406,1,1,1,1,hit,backfill,回填,回填
2025173,9,3,3,2025172,406,1*bL+3*sL+1*spr+5,2*sum2+2*bp+1*gp+7,3*d3+3*bo+2*dg+9,092,1,1,1,1,hit,backfill,回填,回填
2025174,9,6,2,2025173,092,1*bL+3*sL+1*spr+5,2*sum2+2*bp+1*gp+7,3*d3+3*bo+2*dg+9,533,1,1,1,1,hit,backfill,回填,回填
2025175,9,6,4,2025174,533,1*bL+3*sL+1*spr+5,2*sum2+2*bp+1*gp+7,3*d3+3*bo+2*dg+9,616,1,1,1,1,hit,backfill,回填,回填
2025176,2,9,0,2025175,616,1*bL+3*sL+1*spr+5,2*sum2+2*bp+1*gp+7,3*d3+3*bo+2*dg+9,122,1,1,1,1,hit,backfill,回填,回填
2025177,6,7,4,2025176,122,1*bL+3*sL+1*spr+5,2*sum2+2*bp+1*gp+7,3*d3+3*bo+2*dg+9,497,1,1,1,1,hit,backfill,回填,回填
2025178,0,2,5,2025177,497,1*bL+3*sL+1*spr+5,2*sum2+2*bp+1*gp+7,3*d3+3*bo+2*dg+9,728,1,0,1,0,partial,backfill,回填,回填
2025179,4,9,2,2025178,728,1*bL+3*sL+1*spr+5,2*sum2+2*bp+1*gp+7,3*d3+3*bo+2*dg+9,280,1,1,1,1,hit,backfill,回填,回填
2025180,4,9,7,2025179,280,1*bL+3*sL+1*spr+5,2*sum2+2*bp+1*gp+7,3*d3+3*bo+2*dg+9,260,1,1,1,1,hit,backfill,回填,回填
2025181,9,5,7,2025180,260,1*bL+3*sL+1*spr+5,2*sum2+2*bp+1*gp+7,3*d3+3*bo+2*dg+9,886,1,1,1,1,hit,backfill,回填,回填
2025182,3,3,7,2025181,886,1*bL+3*sL+1*spr+5,2*sum2+2*bp+1*gp+7,3*d3+3*bo+2*dg+9,708,1,1,1,1,hit,backfill,回填,回填
2025183,7,5,0,2025182,708,1*bL+3*sL+1*spr+5,2*sum2+2*bp+1*gp+7,3*d3+3*bo+2*dg+9,744,0,1,1,0,partial,backfill,回填,回填
2025184,2,5,4,2025183,744,1*bL+3*sL+1*spr+5,2*sum2+2*bp+1*gp+7,3*d3+3*bo+2*dg+9,799,1,1,1,1,hit,backfill,回填,回填
2025185,0,2,2,2025184,799,1*bL+3*sL+1*spr+5,2*sum2+2*bp+1*gp+7,3*d3+3*bo+2*dg+9,164,1,1,1,1,hit,backfill,回填,回填
2025186,3,7,8,2025185,164,1*bL+3*sL+1*spr+5,2*sum2+2*bp+1*gp+7,3*d3+3*bo+2*dg+9,227,1,1,1,1,hit,backfill,回填,回填
2025187,6,0,0,2025186,227,1*bL+3*sL+1*spr+5,2*sum2+2*bp+1*gp+7,3*d3+3*bo+2*dg+9,761,1,1,1,1,hit,backfill,回填,回填
2025188,5,8,5,2025187,761,1*bL+3*sL+1*spr+5,2*sum2+2*bp+1*gp+7,3*d3+3*bo+2*dg+9,018,1,1,1,1,hit,backfill,回填,回填
2025189,6,0,4,2025188,018,1*bL+3*sL+1*spr+5,2*sum2+2*bp+1*gp+7,3*d3+3*bo+2*dg+9,907,1,0,1,0,partial,backfill,回填,回填
2025190,8,0,1,2025189,907,1*bL+3*sL+1*spr+5,2*sum2+2*bp+1*gp+7,3*d3+3*bo+2*dg+9,402,1,0,1,0,partial,backfill,回填,回填
2025191,4,3,5,2025190,402,1*bL+3*sL+1*spr+5,2*sum2+2*bp+1*gp+7,3*d3+3*bo+2*dg+9,202,1,1,1,1,hit,backfill,回填,回填
2025192,9,3,5,2025191,202,1*bL+3*sL+1*spr+5,2*sum2+2*bp+1*gp+7,3*d3+3*bo+2*dg+9,691,1,1,1,1,hit,backfill,回填,回填
2025193,7,0,1,2025192,691,1*bL+3*sL+1*spr+5,2*sum2+2*bp+1*gp+7,3*d3+3*bo+2*dg+9,876,1,1,1,1,hit,backfill,回填,回填
2025194,1,1,2,2025193,876,1*bL+3*sL+1*spr+5,2*sum2+2*bp+1*gp+7,3*d3+3*bo+2*dg+9,726,1,1,1,1,hit,backfill,回填,回填
2025195,8,9,4,2025194,726,1*bL+3*sL+1*spr+5,2*sum2+2*bp+1*gp+7,3*d3+3*bo+2*dg+9,980,1,1,1,1,hit,backfill,回填,回填
2025196,4,3,4,2025195,980,1*bL+3*sL+1*spr+5,2*sum2+2*bp+1*gp+7,3*d3+3*bo+2*dg+9,734,1,0,0,0,partial,backfill,回填,回填
2025197,2,3,3,2025196,734,1*bL+3*sL+1*spr+5,2*sum2+2*bp+1*gp+7,3*d3+3*bo+2*dg+9,057,1,1,1,1,hit,backfill,回填,回填
2025198,6,8,1,2025197,057,1*bL+3*sL+1*spr+5,2*sum2+2*bp+1*gp+7,3*d3+3*bo+2*dg+9,898,1,1,1,1,hit,backfill,回填,回填
2025199,5,9,4,2025198,898,1*bL+3*sL+1*spr+5,2*sum2+2*bp+1*gp+7,3*d3+3*bo+2*dg+9,943,1,1,1,1,hit,backfill,回填,回填
2025200,6,4,5,2025199,943,1*bL+3*sL+1*spr+5,2*sum2+2*bp+1*gp+7,3*d3+3*bo+2*dg+9,015,1,1,0,0,partial,backfill,回填,回填
2025201,0,0,5,2025200,015,1*bL+3*sL+1*spr+5,2*sum2+2*bp+1*gp+7,3*d3+3*bo+2*dg+9,846,1,1,1,1,hit,backfill,回填,回填
2025202,2,5,7,2025201,846,1*bL+3*sL+1*spr+5,2*sum2+2*bp+1*gp+7,3*d3+3*bo+2*dg+9,953,1,0,1,0,partial,backfill,回填,回填
2025203,5,6,2,2025202,953,1*bL+3*sL+1*spr+5,2*sum2+2*bp+1*gp+7,3*d3+3*bo+2*dg+9,013,1,1,1,1,hit,backfill,回填,回填
2025204,4,0,5,2025203,013,1*bL+3*sL+1*spr+5,2*sum2+2*bp+1*gp+7,3*d3+3*bo+2*dg+9,007,1,0,1,0,partial,backfill,回填,回填
2025205,8,8,8,2025204,007,1*bL+3*sL+1*spr+5,2*sum2+2*bp+1*gp+7,3*d3+3*bo+2*dg+9,920,1,1,1,1,hit,backfill,回填,回填
2025206,5,1,4,2025205,920,1*bL+3*sL+1*spr+5,2*sum2+2*bp+1*gp+7,3*d3+3*bo+2*dg+9,444,1,1,0,0,partial,backfill,回填,回填
2025207,8,1,7,2025206,444,1*bL+3*sL+1*spr+5,2*sum2+2*bp+1*gp+7,3*d3+3*bo+2*dg+9,255,1,1,1,1,hit,backfill,回填,回填
2025208,1,0,1,2025207,255,1*bL+3*sL+1*spr+5,2*sum2+2*bp+1*gp+7,3*d3+3*bo+2*dg+9,432,1,1,1,1,hit,backfill,回填,回填
2025209,7,9,6,2025208,432,1*bL+3*sL+1*spr+5,2*sum2+2*bp+1*gp+7,3*d3+3*bo+2*dg+9,387,1,1,1,1,hit,backfill,回填,回填
2025210,2,6,5,2025209,387,1*bL+3*sL+1*spr+5,2*sum2+2*bp+1*gp+7,3*d3+3*bo+2*dg+9,520,1,1,1,1,hit,backfill,回填,回填
2025211,8,3,4,2025210,520,1*bL+3*sL+1*spr+5,2*sum2+2*bp+1*gp+7,3*d3+3*bo+2*dg+9,897,0,1,1,0,partial,backfill,回填,回填
2025212,4,6,9,2025211,897,1*bL+3*sL+1*spr+5,2*sum2+2*bp+1*gp+7,3*d3+3*bo+2*dg+9,456,0,1,1,0,partial,backfill,回填,回填
2025213,5,3,0,2025212,456,1*bL+3*sL+1*spr+5,2*sum2+2*bp+1*gp+7,3*d3+3*bo+2*dg+9,381,1,1,1,1,hit,backfill,回填,回填
2025214,4,6,3,2025213,381,1*bL+3*sL+1*spr+5,2*sum2+2*bp+1*gp+7,3*d3+3*bo+2*dg+9,920,1,1,1,1,hit,backfill,回填,回填
2025215,8,1,6,2025214,920,1*bL+3*sL+1*spr+5,2*sum2+2*bp+1*gp+7,3*d3+3*bo+2*dg+9,853,0,1,1,0,partial,backfill,回填,回填
2025216,0,8,1,2025215,853,1*bL+3*sL+1*spr+5,2*sum2+2*bp+1*gp+7,3*d3+3*bo+2*dg+9,625,1,1,1,1,hit,backfill,回填,回填
2025217,8,0,2,2025216,625,1*bL+3*sL+1*spr+5,2*sum2+2*bp+1*gp+7,3*d3+3*bo+2*dg+9,894,0,1,1,0,partial,backfill,回填,回填
2025218,5,9,2,2025217,894,1*bL+3*sL+1*spr+5,2*sum2+2*bp+1*gp+7,3*d3+3*bo+2*dg+9,526,0,1,1,0,partial,backfill,回填,回填
2025219,8,7,8,2025218,526,1*bL+3*sL+1*spr+5,2*sum2+2*bp+1*gp+7,3*d3+3*bo+2*dg+9,900,1,1,1,1,hit,backfill,回填,回填
2025220,6,7,0,2025219,900,1*bL+3*sL+1*spr+5,2*sum2+2*bp+1*gp+7,3*d3+3*bo+2*dg+9,536,1,1,1,1,hit,backfill,回填,回填
2025221,4,9,3,2025220,536,1*bL+3*sL+1*spr+5,2*sum2+2*bp+1*gp+7,3*d3+3*bo+2*dg+9,296,1,0,1,0,partial,backfill,回填,回填
2025222,6,3,8,2025221,296,1*bL+3*sL+1*spr+5,2*sum2+2*bp+1*gp+7,3*d3+3*bo+2*dg+9,010,1,1,1,1,hit,backfill,回填,回填
2025223,3,2,0,2025222,010,1*bL+3*sL+1*spr+5,2*sum2+2*bp+1*gp+7,3*d3+3*bo+2*dg+9,736,1,1,1,1,hit,backfill,回填,回填
2025224,1,1,3,2025223,736,1*bL+3*sL+1*spr+5,2*sum2+2*bp+1*gp+7,3*d3+3*bo+2*dg+9,990,1,1,1,1,hit,backfill,回填,回填
2025225,8,5,7,2025224,990,1*bL+3*sL+1*spr+5,2*sum2+2*bp+1*gp+7,3*d3+3*bo+2*dg+9,806,0,1,1,0,partial,backfill,回填,回填
2025226,1,7,9,2025225,806,1*bL+3*sL+1*spr+5,2*sum2+2*bp+1*gp+7,3*d3+3*bo+2*dg+9,180,0,1,1,0,partial,backfill,回填,回填
2025227,3,7,4,2025226,180,1*bL+3*sL+1*spr+5,2*sum2+2*bp+1*gp+7,3*d3+3*bo+2*dg+9,611,1,1,1,1,hit,backfill,回填,回填
2025228,8,4,1,2025227,611,1*bL+3*sL+1*spr+5,2*sum2+2*bp+1*gp+7,3*d3+3*bo+2*dg+9,465,1,1,1,1,hit,backfill,回填,回填
2025229,0,0,0,2025228,465,1*bL+3*sL+1*spr+5,2*sum2+2*bp+1*gp+7,3*d3+3*bo+2*dg+9,108,1,0,1,0,partial,backfill,回填,回填
2025230,7,9,2,2025229,108,1*bL+3*sL+1*spr+5,2*sum2+2*bp+1*gp+7,3*d3+3*bo+2*dg+9,439,1,1,1,1,hit,backfill,回填,回填
2025231,6,0,9,2025230,439,1*bL+3*sL+1*spr+5,2*sum2+2*bp+1*gp+7,3*d3+3*bo+2*dg+9,732,1,1,1,1,hit,backfill,回填,回填
2025232,7,3,1,2025231,732,1*bL+3*sL+1*spr+5,2*sum2+2*bp+1*gp+7,3*d3+3*bo+2*dg+9,044,1,1,1,1,hit,backfill,回填,回填
2025233,3,6,3,2025232,044,1*bL+3*sL+1*spr+5,2*sum2+2*bp+1*gp+7,3*d3+3*bo+2*dg+9,259,1,1,1,1,hit,backfill,回填,回填
2025234,7,6,1,2025233,259,1*bL+3*sL+1*spr+5,2*sum2+2*bp+1*gp+7,3*d3+3*bo+2*dg+9,620,1,1,1,1,hit,backfill,回填,回填
2025235,2,5,7,2025234,620,1*bL+3*sL+1*spr+5,2*sum2+2*bp+1*gp+7,3*d3+3*bo+2*dg+9,969,1,1,1,1,hit,backfill,回填,回填
2025236,9,4,9,2025235,969,1*bL+3*sL+1*spr+5,2*sum2+2*bp+1*gp+7,3*d3+3*bo+2*dg+9,355,1,1,1,1,hit,backfill,回填,回填
2025237,2,4,4,2025236,355,1*bL+3*sL+1*spr+5,2*sum2+2*bp+1*gp+7,3*d3+3*bo+2*dg+9,590,1,1,1,1,hit,backfill,回填,回填
2025238,8,7,9,2025237,590,1*bL+3*sL+1*spr+5,2*sum2+2*bp+1*gp+7,3*d3+3*bo+2*dg+9,860,0,1,1,0,partial,backfill,回填,回填
2025239,1,7,7,2025238,860,1*bL+3*sL+1*spr+5,2*sum2+2*bp+1*gp+7,3*d3+3*bo+2*dg+9,125,0,1,1,0,partial,backfill,回填,回填
2025240,3,0,1,2025239,125,1*bL+3*sL+1*spr+5,2*sum2+2*bp+1*gp+7,3*d3+3*bo+2*dg+9,419,1,1,1,1,hit,backfill,回填,回填
2025241,4,6,1,2025240,419,1*bL+3*sL+1*spr+5,2*sum2+2*bp+1*gp+7,3*d3+3*bo+2*dg+9,160,1,0,1,0,partial,backfill,回填,回填
2025242,8,3,2,2025241,160,1*bL+3*sL+1*spr+5,2*sum2+2*bp+1*gp+7,3*d3+3*bo+2*dg+9,990,1,1,1,1,hit,backfill,回填,回填
2025243,8,5,9,2025242,990,1*bL+3*sL+1*spr+5,2*sum2+2*bp+1*gp+7,3*d3+3*bo+2*dg+9,176,1,1,1,1,hit,backfill,回填,回填
2025244,4,1,7,2025243,176,1*bL+3*sL+1*spr+5,2*sum2+2*bp+1*gp+7,3*d3+3*bo+2*dg+9,673,1,1,1,1,hit,backfill,回填,回填
2025245,6,4,5,2025244,673,1*bL+3*sL+1*spr+5,2*sum2+2*bp+1*gp+7,3*d3+3*bo+2*dg+9,848,1,0,1,0,partial,backfill,回填,回填
2025246,0,9,1,2025245,848,1*bL+3*sL+1*spr+5,2*sum2+2*bp+1*gp+7,3*d3+3*bo+2*dg+9,997,1,0,1,0,partial,backfill,回填,回填
2025247,1,8,6,2025246,997,1*bL+3*sL+1*spr+5,2*sum2+2*bp+1*gp+7,3*d3+3*bo+2*dg+9,262,1,1,1,1,hit,backfill,回填,回填
2025248,5,5,1,2025247,262,1*bL+3*sL+1*spr+5,2*sum2+2*bp+1*gp+7,3*d3+3*bo+2*dg+9,526,0,1,1,0,partial,backfill,回填,回填
2025249,7,7,2,2025248,526,1*bL+3*sL+1*spr+5,2*sum2+2*bp+1*gp+7,3*d3+3*bo+2*dg+9,952,1,1,0,0,partial,backfill,回填,回填
2025250,6,9,3,2025249,952,1*bL+3*sL+1*spr+5,2*sum2+2*bp+1*gp+7,3*d3+3*bo+2*dg+9,902,1,1,1,1,hit,backfill,回填,回填
2025251,9,9,8,2025250,902,1*bL+3*sL+1*spr+5,2*sum2+2*bp+1*gp+7,3*d3+3*bo+2*dg+9,868,1,1,0,0,partial,backfill,回填,回填
2025252,4,3,7,2025251,868,1*bL+3*sL+1*spr+5,2*sum2+2*bp+1*gp+7,3*d3+3*bo+2*dg+9,792,1,1,1,1,hit,backfill,回填,回填
2025253,5,5,1,2025252,792,1*bL+3*sL+1*spr+5,2*sum2+2*bp+1*gp+7,3*d3+3*bo+2*dg+9,457,1,0,1,0,partial,backfill,回填,回填
2025254,4,4,5,2025253,457,1*bL+3*sL+1*spr+5,2*sum2+2*bp+1*gp+7,3*d3+3*bo+2*dg+9,072,1,1,1,1,hit,backfill,回填,回填
2025255,9,2,4,2025254,072,1*bL+3*sL+1*spr+5,2*sum2+2*bp+1*gp+7,3*d3+3*bo+2*dg+9,264,1,1,0,0,partial,backfill,回填,回填
2025256,8,1,9,2025255,264,1*bL+3*sL+1*spr+5,2*sum2+2*bp+1*gp+7,3*d3+3*bo+2*dg+9,406,1,1,1,1,hit,backfill,回填,回填
2025257,5,3,1,2025256,406,1*bL+3*sL+1*spr+5,2*sum2+2*bp+1*gp+7,3*d3+3*bo+2*dg+9,860,1,1,1,1,hit,backfill,回填,回填
2025258,9,7,5,2025257,860,1*bL+3*sL+1*spr+5,2*sum2+2*bp+1*gp+7,3*d3+3*bo+2*dg+9,626,1,1,1,1,hit,backfill,回填,回填
2025259,3,1,3,2025258,626,1*bL+3*sL+1*spr+5,2*sum2+2*bp+1*gp+7,3*d3+3*bo+2*dg+9,625,1,1,1,1,hit,backfill,回填,回填
2025260,1,0,6,2025259,625,1*bL+3*sL+1*spr+5,2*sum2+2*bp+1*gp+7,3*d3+3*bo+2*dg+9,199,0,1,1,0,partial,backfill,回填,回填
2025261,5,8,0,2025260,199,1*bL+3*sL+1*spr+5,2*sum2+2*bp+1*gp+7,3*d3+3*bo+2*dg+9,751,1,1,1,1,hit,backfill,回填,回填
2025262,8,6,8,2025261,751,1*bL+3*sL+1*spr+5,2*sum2+2*bp+1*gp+7,3*d3+3*bo+2*dg+9,914,1,1,1,1,hit,backfill,回填,回填
2025263,2,3,7,2025262,914,1*bL+3*sL+1*spr+5,2*sum2+2*bp+1*gp+7,3*d3+3*bo+2*dg+9,399,1,1,1,1,hit,backfill,回填,回填
2025264,6,6,2,2025263,399,1*bL+3*sL+1*spr+5,2*sum2+2*bp+1*gp+7,3*d3+3*bo+2*dg+9,734,1,1,1,1,hit,backfill,回填,回填
2025265,2,3,5,2025264,734,1*bL+3*sL+1*spr+5,2*sum2+2*bp+1*gp+7,3*d3+3*bo+2*dg+9,546,1,1,1,1,hit,backfill,回填,回填
2025266,3,1,2,2025265,546,1*bL+3*sL+1*spr+5,2*sum2+2*bp+1*gp+7,3*d3+3*bo+2*dg+9,723,1,1,1,1,hit,backfill,回填,回填
2025267,0,8,9,2025266,723,1*bL+3*sL+1*spr+5,2*sum2+2*bp+1*gp+7,3*d3+3*bo+2*dg+9,391,1,1,1,1,hit,backfill,回填,回填
2025268,6,8,2,2025267,391,1*bL+3*sL+1*spr+5,2*sum2+2*bp+1*gp+7,3*d3+3*bo+2*dg+9,674,0,1,1,0,partial,backfill,回填,回填
2025269,8,1,4,2025268,674,1*bL+3*sL+1*spr+5,2*sum2+2*bp+1*gp+7,3*d3+3*bo+2*dg+9,055,1,1,1,1,hit,backfill,回填,回填
2025270,7,8,1,2025269,055,1*bL+3*sL+1*spr+5,2*sum2+2*bp+1*gp+7,3*d3+3*bo+2*dg+9,408,1,1,1,1,hit,backfill,回填,回填
2025271,0,3,9,2025270,408,1*bL+3*sL+1*spr+5,2*sum2+2*bp+1*gp+7,3*d3+3*bo+2*dg+9,727,1,1,1,1,hit,backfill,回填,回填
2025272,9,4,5,2025271,727,1*bL+3*sL+1*spr+5,2*sum2+2*bp+1*gp+7,3*d3+3*bo+2*dg+9,967,0,1,1,0,partial,backfill,回填,回填
2025273,0,2,5,2025272,967,1*bL+3*sL+1*spr+5,2*sum2+2*bp+1*gp+7,3*d3+3*bo+2*dg+9,045,0,1,0,0,partial,backfill,回填,回填
2025274,6,6,8,2025273,045,1*bL+3*sL+1*spr+5,2*sum2+2*bp+1*gp+7,3*d3+3*bo+2*dg+9,596,1,1,1,1,hit,backfill,回填,回填
2025275,3,1,3,2025274,596,1*bL+3*sL+1*spr+5,2*sum2+2*bp+1*gp+7,3*d3+3*bo+2*dg+9,203,1,1,0,0,partial,backfill,回填,回填
2025276,7,6,2,2025275,203,1*bL+3*sL+1*spr+5,2*sum2+2*bp+1*gp+7,3*d3+3*bo+2*dg+9,714,0,1,1,0,partial,backfill,回填,回填
2025277,7,9,3,2025276,714,1*bL+3*sL+1*spr+5,2*sum2+2*bp+1*gp+7,3*d3+3*bo+2*dg+9,061,1,1,1,1,hit,backfill,回填,回填
2025278,1,0,8,2025277,061,1*bL+3*sL+1*spr+5,2*sum2+2*bp+1*gp+7,3*d3+3*bo+2*dg+9,629,1,1,1,1,hit,backfill,回填,回填
2025279,5,6,6,2025278,629,1*bL+3*sL+1*spr+5,2*sum2+2*bp+1*gp+7,3*d3+3*bo+2*dg+9,752,1,1,1,1,hit,backfill,回填,回填
2025280,7,7,7,2025279,752,1*bL+3*sL+1*spr+5,2*sum2+2*bp+1*gp+7,3*d3+3*bo+2*dg+9,411,1,1,1,1,hit,backfill,回填,回填
2025281,2,6,7,2025280,411,1*bL+3*sL+1*spr+5,2*sum2+2*bp+1*gp+7,3*d3+3*bo+2*dg+9,897,1,1,0,0,partial,backfill,回填,回填
2025282,1,6,7,2025281,897,1*bL+3*sL+1*spr+5,2*sum2+2*bp+1*gp+7,3*d3+3*bo+2*dg+9,416,1,1,1,1,hit,backfill,回填,回填
2025283,9,5,2,2025282,416,1*bL+3*sL+1*spr+5,2*sum2+2*bp+1*gp+7,3*d3+3*bo+2*dg+9,664,1,1,1,1,hit,backfill,回填,回填
2025284,8,9,1,2025283,664,1*bL+3*sL+1*spr+5,2*sum2+2*bp+1*gp+7,3*d3+3*bo+2*dg+9,844,0,1,1,0,partial,backfill,回填,回填
2025285,3,9,9,2025284,844,1*bL+3*sL+1*spr+5,2*sum2+2*bp+1*gp+7,3*d3+3*bo+2*dg+9,172,1,1,1,1,hit,backfill,回填,回填
2025286,3,7,3,2025285,172,1*bL+3*sL+1*spr+5,2*sum2+2*bp+1*gp+7,3*d3+3*bo+2*dg+9,827,1,1,1,1,hit,backfill,回填,回填
2025287,1,2,4,2025286,827,1*bL+3*sL+1*spr+5,2*sum2+2*bp+1*gp+7,3*d3+3*bo+2*dg+9,805,1,1,1,1,hit,backfill,回填,回填
2025288,9,4,0,2025287,805,1*bL+3*sL+1*spr+5,2*sum2+2*bp+1*gp+7,3*d3+3*bo+2*dg+9,767,1,1,1,1,hit,backfill,回填,回填
2025289,3,2,9,2025288,767,1*bL+3*sL+1*spr+5,2*sum2+2*bp+1*gp+7,3*d3+3*bo+2*dg+9,473,1,1,1,1,hit,backfill,回填,回填
2025290,2,8,3,2025289,473,1*bL+3*sL+1*spr+5,2*sum2+2*bp+1*gp+7,3*d3+3*bo+2*dg+9,332,1,1,1,1,hit,backfill,回填,回填
2025291,1,5,3,2025290,332,1*bL+3*sL+1*spr+5,2*sum2+2*bp+1*gp+7,3*d3+3*bo+2*dg+9,794,1,1,1,1,hit,backfill,回填,回填
2025292,4,5,1,2025291,794,1*bL+3*sL+1*spr+5,2*sum2+2*bp+1*gp+7,3*d3+3*bo+2*dg+9,117,1,1,1,1,hit,backfill,回填,回填
2025293,8,0,6,2025292,117,1*bL+3*sL+1*spr+5,2*sum2+2*bp+1*gp+7,3*d3+3*bo+2*dg+9,154,1,1,1,1,hit,backfill,回填,回填
2025294,4,5,9,2025293,154,1*bL+3*sL+1*spr+5,2*sum2+2*bp+1*gp+7,3*d3+3*bo+2*dg+9,513,1,1,1,1,hit,backfill,回填,回填
2025295,6,2,6,2025294,513,1*bL+3*sL+1*spr+5,2*sum2+2*bp+1*gp+7,3*d3+3*bo+2*dg+9,273,1,1,1,1,hit,backfill,回填,回填
2025296,0,0,1,2025295,273,1*bL+3*sL+1*spr+5,2*sum2+2*bp+1*gp+7,3*d3+3*bo+2*dg+9,537,1,1,1,1,hit,backfill,回填,回填
2025297,9,0,2,2025296,537,1*bL+3*sL+1*spr+5,2*sum2+2*bp+1*gp+7,3*d3+3*bo+2*dg+9,051,1,1,1,1,hit,backfill,回填,回填
2025298,4,8,9,2025297,051,1*bL+3*sL+1*spr+5,2*sum2+2*bp+1*gp+7,3*d3+3*bo+2*dg+9,544,1,1,1,1,hit,backfill,回填,回填
2025299,0,9,8,2025298,544,1*bL+3*sL+1*spr+5,2*sum2+2*bp+1*gp+7,3*d3+3*bo+2*dg+9,385,1,1,1,1,hit,backfill,回填,回填
2025300,4,0,3,2025299,385,1*bL+3*sL+1*spr+5,2*sum2+2*bp+1*gp+7,3*d3+3*bo+2*dg+9,867,1,1,1,1,hit,backfill,回填,回填
2025301,0,0,6,2025300,867,1*bL+3*sL+1*spr+5,2*sum2+2*bp+1*gp+7,3*d3+3*bo+2*dg+9,755,1,1,1,1,hit,backfill,回填,回填
2025302,1,0,8,2025301,755,1*bL+3*sL+1*spr+5,2*sum2+2*bp+1*gp+7,3*d3+3*bo+2*dg+9,715,1,1,1,1,hit,backfill,回填,回填
2025303,2,2,4,2025302,715,1*bL+3*sL+1*spr+5,2*sum2+2*bp+1*gp+7,3*d3+3*bo+2*dg+9,933,1,1,1,1,hit,backfill,回填,回填
2025304,8,2,8,2025303,933,1*bL+3*sL+1*spr+5,2*sum2+2*bp+1*gp+7,3*d3+3*bo+2*dg+9,471,1,1,1,1,hit,backfill,回填,回填
2025305,4,8,3,2025304,471,1*bL+3*sL+1*spr+5,2*sum2+2*bp+1*gp+7,3*d3+3*bo+2*dg+9,310,1,1,1,1,hit,backfill,回填,回填
2025306,7,7,3,2025305,310,1*bL+3*sL+1*spr+5,2*sum2+2*bp+1*gp+7,3*d3+3*bo+2*dg+9,697,1,1,1,1,hit,backfill,回填,回填
2025307,0,8,9,2025306,697,1*bL+3*sL+1*spr+5,2*sum2+2*bp+1*gp+7,3*d3+3*bo+2*dg+9,164,1,1,1,1,hit,backfill,回填,回填
2025308,2,7,2,2025307,164,1*bL+3*sL+1*spr+5,2*sum2+2*bp+1*gp+7,3*d3+3*bo+2*dg+9,448,1,1,1,1,hit,backfill,回填,回填
2025309,8,1,9,2025308,448,1*bL+3*sL+1*spr+5,2*sum2+2*bp+1*gp+7,3*d3+3*bo+2*dg+9,190,1,1,1,1,hit,backfill,回填,回填
2025310,7,9,3,2025309,190,1*bL+3*sL+1*spr+5,2*sum2+2*bp+1*gp+7,3*d3+3*bo+2*dg+9,169,1,1,1,1,hit,backfill,回填,回填
2025311,7,2,9,2025310,169,1*bL+3*sL+1*spr+5,2*sum2+2*bp+1*gp+7,3*d3+3*bo+2*dg+9,640,1,1,1,1,hit,backfill,回填,回填
2025312,8,9,3,2025311,640,1*bL+3*sL+1*spr+5,2*sum2+2*bp+1*gp+7,3*d3+3*bo+2*dg+9,689,1,1,1,1,hit,backfill,回填,回填
2025313,5,8,0,2025312,689,1*bL+3*sL+1*spr+5,2*sum2+2*bp+1*gp+7,3*d3+3*bo+2*dg+9,664,1,1,1,1,hit,backfill,回填,回填
2025314,3,9,5,2025313,664,1*bL+3*sL+1*spr+5,2*sum2+2*bp+1*gp+7,3*d3+3*bo+2*dg+9,917,1,1,1,1,hit,backfill,回填,回填
2025315,5,2,6,2025314,917,1*bL+3*sL+1*spr+5,2*sum2+2*bp+1*gp+7,3*d3+3*bo+2*dg+9,729,1,0,1,0,partial,backfill,回填,回填
2025316,9,8,7,2025315,729,1*bL+3*sL+1*spr+5,2*sum2+2*bp+1*gp+7,3*d3+3*bo+2*dg+9,775,1,1,1,1,hit,backfill,回填,回填
2025317,2,4,0,2025316,775,1*bL+3*sL+1*spr+5,2*sum2+2*bp+1*gp+7,3*d3+3*bo+2*dg+9,301,1,1,1,1,hit,backfill,回填,回填
2025318,3,0,7,2025317,301,1*bL+3*sL+1*spr+5,2*sum2+2*bp+1*gp+7,3*d3+3*bo+2*dg+9,430,1,1,1,1,hit,backfill,回填,回填
2025319,8,3,6,2025318,430,1*bL+3*sL+1*spr+5,2*sum2+2*bp+1*gp+7,3*d3+3*bo+2*dg+9,294,1,1,1,1,hit,backfill,回填,回填
2025320,5,7,2,2025319,294,1*bL+3*sL+1*spr+5,2*sum2+2*bp+1*gp+7,3*d3+3*bo+2*dg+9,121,1,1,1,1,hit,backfill,回填,回填
2025321,2,6,9,2025320,121,1*bL+3*sL+1*spr+5,2*sum2+2*bp+1*gp+7,3*d3+3*bo+2*dg+9,847,1,1,1,1,hit,backfill,回填,回填
2025322,0,6,0,2025321,847,1*bL+3*sL+1*spr+5,2*sum2+2*bp+1*gp+7,3*d3+3*bo+2*dg+9,226,1,1,1,1,hit,backfill,回填,回填
2025323,3,9,9,2025322,226,1*bL+3*sL+1*spr+5,2*sum2+2*bp+1*gp+7,3*d3+3*bo+2*dg+9,551,1,1,1,1,hit,backfill,回填,回填
2025324,3,8,4,2025323,551,1*bL+3*sL+1*spr+5,2*sum2+2*bp+1*gp+7,3*d3+3*bo+2*dg+9,661,1,1,1,1,hit,backfill,回填,回填
2025325,5,4,4,2025324,661,1*bL+3*sL+1*spr+5,2*sum2+2*bp+1*gp+7,3*d3+3*bo+2*dg+9,165,1,1,1,1,hit,backfill,回填,回填
2025326,5,8,3,2025325,165,1*bL+3*sL+1*spr+5,2*sum2+2*bp+1*gp+7,3*d3+3*bo+2*dg+9,185,1,0,1,0,partial,backfill,回填,回填
2025327,2,2,1,2025326,185,1*bL+3*sL+1*spr+5,2*sum2+2*bp+1*gp+7,3*d3+3*bo+2*dg+9,789,1,1,1,1,hit,backfill,回填,回填
2025328,4,0,3,2025327,789,1*bL+3*sL+1*spr+5,2*sum2+2*bp+1*gp+7,3*d3+3*bo+2*dg+9,040,1,1,1,1,hit,backfill,回填,回填
2025329,8,8,3,2025328,040,1*bL+3*sL+1*spr+5,2*sum2+2*bp+1*gp+7,3*d3+3*bo+2*dg+9,564,1,1,1,1,hit,backfill,回填,回填
2025330,1,3,6,2025329,564,1*bL+3*sL+1*spr+5,2*sum2+2*bp+1*gp+7,3*d3+3*bo+2*dg+9,062,1,1,1,1,hit,backfill,回填,回填
2025331,4,0,7,2025330,062,1*bL+3*sL+1*spr+5,2*sum2+2*bp+1*gp+7,3*d3+3*bo+2*dg+9,050,1,1,1,1,hit,backfill,回填,回填
2025332,3,0,0,2025331,050,1*bL+3*sL+1*spr+5,2*sum2+2*bp+1*gp+7,3*d3+3*bo+2*dg+9,885,1,1,1,1,hit,backfill,回填,回填
2025333,0,0,8,2025332,885,1*bL+3*sL+1*spr+5,2*sum2+2*bp+1*gp+7,3*d3+3*bo+2*dg+9,273,1,1,1,1,hit,backfill,回填,回填
2025334,3,0,7,2025333,273,1*bL+3*sL+1*spr+5,2*sum2+2*bp+1*gp+7,3*d3+3*bo+2*dg+9,198,1,1,1,1,hit,backfill,回填,回填
2025335,1,7,5,2025334,198,1*bL+3*sL+1*spr+5,2*sum2+2*bp+1*gp+7,3*d3+3*bo+2*dg+9,051,1,1,1,1,hit,backfill,回填,回填
2025336,8,8,7,2025335,051,1*bL+3*sL+1*spr+5,2*sum2+2*bp+1*gp+7,3*d3+3*bo+2*dg+9,641,1,1,1,1,hit,backfill,回填,回填
2025337,0,0,8,2025336,641,1*bL+3*sL+1*spr+5,2*sum2+2*bp+1*gp+7,3*d3+3*bo+2*dg+9,876,1,1,1,1,hit,backfill,回填,回填
2025338,1,1,2,2025337,876,1*bL+3*sL+1*spr+5,2*sum2+2*bp+1*gp+7,3*d3+3*bo+2*dg+9,689,1,1,1,1,hit,backfill,回填,回填
2025339,0,8,8,2025338,689,1*bL+3*sL+1*spr+5,2*sum2+2*bp+1*gp+7,3*d3+3*bo+2*dg+9,676,1,1,1,1,hit,backfill,回填,回填
2025340,1,1,6,2025339,676,1*bL+3*sL+1*spr+5,2*sum2+2*bp+1*gp+7,3*d3+3*bo+2*dg+9,130,0,1,1,0,partial,backfill,回填,回填
2025341,3,7,9,2025340,130,1*bL+3*sL+1*spr+5,2*sum2+2*bp+1*gp+7,3*d3+3*bo+2*dg+9,996,1,1,1,1,hit,backfill,回填,回填
2025342,2,1,3,2025341,996,1*bL+3*sL+1*spr+5,2*sum2+2*bp+1*gp+7,3*d3+3*bo+2*dg+9,681,1,1,1,1,hit,backfill,回填,回填
2025343,3,8,0,2025342,681,1*bL+3*sL+1*spr+5,2*sum2+2*bp+1*gp+7,3*d3+3*bo+2*dg+9,645,1,1,1,1,hit,backfill,回填,回填
2025344,7,4,0,2025343,645,1*bL+3*sL+1*spr+5,2*sum2+2*bp+1*gp+7,3*d3+3*bo+2*dg+9,622,1,1,1,1,hit,backfill,回填,回填
2025345,1,9,3,2025344,622,1*bL+3*sL+1*spr+5,2*sum2+2*bp+1*gp+7,3*d3+3*bo+2*dg+9,630,1,1,1,1,hit,backfill,回填,回填
2025346,3,7,4,2025345,630,1*bL+3*sL+1*spr+5,2*sum2+2*bp+1*gp+7,3*d3+3*bo+2*dg+9,897,1,1,1,1,hit,backfill,回填,回填
2025347,7,6,9,2025346,897,1*bL+3*sL+1*spr+5,2*sum2+2*bp+1*gp+7,3*d3+3*bo+2*dg+9,192,1,1,1,1,hit,backfill,回填,回填
2025348,1,1,3,2025347,192,1*bL+3*sL+1*spr+5,2*sum2+2*bp+1*gp+7,3*d3+3*bo+2*dg+9,278,1,1,1,1,hit,backfill,回填,回填
2025349,6,1,4,2025348,278,1*bL+3*sL+1*spr+5,2*sum2+2*bp+1*gp+7,3*d3+3*bo+2*dg+9,743,1,1,1,1,hit,backfill,回填,回填
2025350,6,2,5,2025349,743,1*bL+3*sL+1*spr+5,2*sum2+2*bp+1*gp+7,3*d3+3*bo+2*dg+9,580,1,1,1,1,hit,backfill,回填,回填
2025351,6,5,0,2025350,580,1*bL+3*sL+1*spr+5,2*sum2+2*bp+1*gp+7,3*d3+3*bo+2*dg+9,452,1,0,1,0,partial,backfill,回填,回填
2026001,4,3,2,2025351,452,1*bL+3*sL+1*spr+5,2*sum2+2*bp+1*gp+7,3*d3+3*bo+2*dg+9,298,1,1,1,1,hit,backfill,回填,回填
2026002,9,5,4,2026001,298,1*bL+3*sL+1*spr+5,2*sum2+2*bp+1*gp+7,3*d3+3*bo+2*dg+9,520,1,1,1,1,hit,backfill,回填,回填
2026003,2,3,2,2026002,520,1*bL+3*sL+1*spr+5,2*sum2+2*bp+1*gp+7,3*d3+3*bo+2*dg+9,601,1,1,1,1,hit,backfill,回填,回填
2026004,6,2,4,2026003,601,1*bL+3*sL+1*spr+5,2*sum2+2*bp+1*gp+7,3*d3+3*bo+2*dg+9,019,1,1,1,1,hit,backfill,回填,回填
2026005,1,0,9,2026004,019,1*bL+3*sL+1*spr+5,2*sum2+2*bp+1*gp+7,3*d3+3*bo+2*dg+9,476,1,1,1,1,hit,backfill,回填,回填
2026006,5,7,6,2026005,476,1*bL+3*sL+1*spr+5,2*sum2+2*bp+1*gp+7,3*d3+3*bo+2*dg+9,244,1,1,1,1,hit,backfill,回填,回填
2026007,8,7,5,2026006,244,1*bL+3*sL+1*spr+5,2*sum2+2*bp+1*gp+7,3*d3+3*bo+2*dg+9,353,1,1,1,1,hit,backfill,回填,回填
2026008,9,4,6,2026007,353,1*bL+3*sL+1*spr+5,2*sum2+2*bp+1*gp+7,3*d3+3*bo+2*dg+9,252,1,1,1,1,hit,backfill,回填,回填
2026009,8,3,6,2026008,252,1*bL+3*sL+1*spr+5,2*sum2+2*bp+1*gp+7,3*d3+3*bo+2*dg+9,265,1,1,1,1,hit,backfill,回填,回填
2026010,2,2,8,2026009,265,1*bL+3*sL+1*spr+5,2*sum2+2*bp+1*gp+7,3*d3+3*bo+2*dg+9,667,1,1,1,1,hit,backfill,回填,回填
2026011,1,2,6,2026010,667,1*bL+3*sL+1*spr+5,2*sum2+2*bp+1*gp+7,3*d3+3*bo+2*dg+9,647,1,1,1,1,hit,backfill,回填,回填
2026012,3,8,8,2026011,647,1*bL+3*sL+1*spr+5,2*sum2+2*bp+1*gp+7,3*d3+3*bo+2*dg+9,241,1,1,1,1,hit,backfill,回填,回填
2026013,9,4,6,2026012,241,1*bL+3*sL+1*spr+5,2*sum2+2*bp+1*gp+7,3*d3+3*bo+2*dg+9,513,1,1,1,1,hit,backfill,回填,回填
2026014,3,2,2,2026013,513,1*bL+3*sL+1*spr+5,2*sum2+2*bp+1*gp+7,3*d3+3*bo+2*dg+9,050,1,1,1,1,hit,backfill,回填,回填
2026015,8,0,8,2026014,050,1*bL+3*sL+1*spr+5,2*sum2+2*bp+1*gp+7,3*d3+3*bo+2*dg+9,532,1,1,1,1,hit,backfill,回填,回填
2026016,5,5,9,2026015,532,1*bL+3*sL+1*spr+5,2*sum2+2*bp+1*gp+7,3*d3+3*bo+2*dg+9,582,0,1,1,0,partial,backfill,回填,回填
2026017,3,5,0,2026016,582,1*bL+3*sL+1*spr+5,2*sum2+2*bp+1*gp+7,3*d3+3*bo+2*dg+9,945,1,1,1,1,hit,backfill,回填,回填
2026018,6,6,1,2026017,945,1*bL+3*sL+1*spr+5,2*sum2+2*bp+1*gp+7,3*d3+3*bo+2*dg+9,494,1,1,1,1,hit,backfill,回填,回填
2026019,2,1,2,2026018,494,1*bL+3*sL+1*spr+5,2*sum2+2*bp+1*gp+7,3*d3+3*bo+2*dg+9,223,0,1,1,0,partial,backfill,回填,回填
2026020,4,0,0,2026019,223,1*bL+3*sL+1*spr+5,2*sum2+2*bp+1*gp+7,3*d3+3*bo+2*dg+9,676,1,1,1,1,hit,backfill,回填,回填
2026021,7,1,8,2026020,676,1*bL+3*sL+1*spr+5,2*sum2+2*bp+1*gp+7,3*d3+3*bo+2*dg+9,559,1,1,1,1,hit,backfill,回填,回填
2026022,7,6,0,2026021,559,1*bL+3*sL+1*spr+5,2*sum2+2*bp+1*gp+7,3*d3+3*bo+2*dg+9,678,1,1,1,1,hit,backfill,回填,回填
2026023,0,9,0,2026022,678,1*bL+3*sL+1*spr+5,2*sum2+2*bp+1*gp+7,3*d3+3*bo+2*dg+9,784,1,1,1,1,hit,backfill,回填,回填
2026024,8,3,6,2026023,784,1*bL+3*sL+1*spr+5,2*sum2+2*bp+1*gp+7,3*d3+3*bo+2*dg+9,911,1,1,1,1,hit,backfill,回填,回填
2026025,4,6,6,2026024,911,1*bL+3*sL+1*spr+5,2*sum2+2*bp+1*gp+7,3*d3+3*bo+2*dg+9,029,1,1,1,1,hit,backfill,回填,回填
2026026,9,2,6,2026025,029,1*bL+3*sL+1*spr+5,2*sum2+2*bp+1*gp+7,3*d3+3*bo+2*dg+9,099,1,1,1,1,hit,backfill,回填,回填
2026027,9,6,9,2026026,099,1*bL+3*sL+1*spr+5,2*sum2+2*bp+1*gp+7,3*d3+3*bo+2*dg+9,126,1,1,1,1,hit,backfill,回填,回填
2026028,0,1,8,2026027,126,1*bL+3*sL+1*spr+5,2*sum2+2*bp+1*gp+7,3*d3+3*bo+2*dg+9,270,1,1,1,1,hit,backfill,回填,回填
2026029,6,7,8,2026028,270,1*bL+3*sL+1*spr+5,2*sum2+2*bp+1*gp+7,3*d3+3*bo+2*dg+9,003,1,1,1,1,hit,backfill,回填,回填
2026030,8,8,4,2026029,003,1*bL+3*sL+1*spr+5,2*sum2+2*bp+1*gp+7,3*d3+3*bo+2*dg+9,134,1,1,0,0,partial,backfill,回填,回填
2026031,5,1,7,2026030,134,1*bL+3*sL+1*spr+5,2*sum2+2*bp+1*gp+7,3*d3+3*bo+2*dg+9,142,1,1,1,1,hit,backfill,回填,回填
2026032,7,1,4,2026031,142,1*bL+3*sL+1*spr+5,2*sum2+2*bp+1*gp+7,3*d3+3*bo+2*dg+9,452,1,1,1,1,hit,backfill,回填,回填
2026033,8,3,8,2026032,452,1*bL+3*sL+1*spr+5,2*sum2+2*bp+1*gp+7,3*d3+3*bo+2*dg+9,119,1,1,1,1,hit,backfill,回填,回填
2026034,9,2,0,2026033,119,1*bL+3*sL+1*spr+5,2*sum2+2*bp+1*gp+7,3*d3+3*bo+2*dg+9,052,1,1,1,1,hit,backfill,回填,回填
2026035,4,8,4,2026034,052,1*bL+3*sL+1*spr+5,2*sum2+2*bp+1*gp+7,3*d3+3*bo+2*dg+9,213,1,1,1,1,hit,backfill,回填,回填
2026036,5,8,7,2026035,213,1*bL+3*sL+1*spr+5,2*sum2+2*bp+1*gp+7,3*d3+3*bo+2*dg+9,762,1,1,1,1,hit,backfill,回填,回填
2026037,6,9,2,2026036,762,1*bL+3*sL+1*spr+5,2*sum2+2*bp+1*gp+7,3*d3+3*bo+2*dg+9,420,1,1,1,1,hit,backfill,回填,回填
2026038,2,1,1,2026037,420,1*bL+3*sL+1*spr+5,2*sum2+2*bp+1*gp+7,3*d3+3*bo+2*dg+9,467,1,1,1,1,hit,backfill,回填,回填
2026039,7,6,6,2026038,467,1*bL+3*sL+1*spr+5,2*sum2+2*bp+1*gp+7,3*d3+3*bo+2*dg+9,450,1,1,1,1,hit,backfill,回填,回填
2026040,7,7,0,2026039,450,1*bL+3*sL+1*spr+5,2*sum2+2*bp+1*gp+7,3*d3+3*bo+2*dg+9,425,1,1,1,1,hit,backfill,回填,回填
2026041,4,2,8,2026040,425,1*bL+3*sL+1*spr+5,2*sum2+2*bp+1*gp+7,3*d3+3*bo+2*dg+9,901,1,1,1,1,hit,backfill,回填,回填
2026042,5,4,7,2026041,901,1*bL+3*sL+1*spr+5,2*sum2+2*bp+1*gp+7,3*d3+3*bo+2*dg+9,854,1,1,1,1,hit,backfill,回填,回填
2026043,4,1,8,2026042,854,1*bL+3*sL+1*spr+5,2*sum2+2*bp+1*gp+7,3*d3+3*bo+2*dg+9,765,1,1,1,1,hit,backfill,回填,回填
2026044,8,2,7,2026043,765,1*bL+3*sL+1*spr+5,2*sum2+2*bp+1*gp+7,3*d3+3*bo+2*dg+9,589,1,1,1,1,hit,backfill,回填,回填
2026045,8,2,3,2026044,589,1*bL+3*sL+1*spr+5,2*sum2+2*bp+1*gp+7,3*d3+3*bo+2*dg+9,181,1,1,1,1,hit,backfill,回填,回填
2026046,8,8,7,2026045,181,1*bL+3*sL+1*spr+5,2*sum2+2*bp+1*gp+7,3*d3+3*bo+2*dg+9,291,1,1,1,1,hit,backfill,回填,回填
2026047,2,4,3,2026046,291,1*bL+3*sL+1*spr+5,2*sum2+2*bp+1*gp+7,3*d3+3*bo+2*dg+9,936,1,1,1,1,hit,backfill,回填,回填
2026048,1,9,1,2026047,936,1*bL+3*sL+1*spr+5,2*sum2+2*bp+1*gp+7,3*d3+3*bo+2*dg+9,612,1,1,1,1,hit,backfill,回填,回填
2026049,6,7,4,2026048,612,1*bL+3*sL+1*spr+5,2*sum2+2*bp+1*gp+7,3*d3+3*bo+2*dg+9,110,1,1,1,1,hit,backfill,回填,回填
2026050,5,3,1,2026049,110,1*bL+3*sL+1*spr+5,2*sum2+2*bp+1*gp+7,3*d3+3*bo+2*dg+9,689,1,1,1,1,hit,backfill,回填,回填
2026051,7,8,0,2026050,689,1*bL+3*sL+1*spr+5,2*sum2+2*bp+1*gp+7,3*d3+3*bo+2*dg+9,302,1,1,1,1,hit,backfill,回填,回填
2026052,5,9,4,2026051,302,1*bL+3*sL+1*spr+5,2*sum2+2*bp+1*gp+7,3*d3+3*bo+2*dg+9,277,1,1,1,1,hit,backfill,回填,回填
2026053,8,0,9,2026052,277,1*bL+3*sL+1*spr+5,2*sum2+2*bp+1*gp+7,3*d3+3*bo+2*dg+9,755,1,1,1,1,hit,backfill,回填,回填
2026054,3,0,8,2026053,755,1*bL+3*sL+1*spr+5,2*sum2+2*bp+1*gp+7,3*d3+3*bo+2*dg+9,217,1,1,1,1,hit,backfill,回填,回填
2026055,2,8,1,2026054,217,1*bL+3*sL+1*spr+5,2*sum2+2*bp+1*gp+7,3*d3+3*bo+2*dg+9,107,1,1,1,1,hit,backfill,回填,回填
2026056,0,8,3,2026055,107,1*bL+3*sL+1*spr+5,2*sum2+2*bp+1*gp+7,3*d3+3*bo+2*dg+9,477,1,1,1,1,hit,backfill,回填,回填
2026057,6,8,9,2026056,477,1*bL+3*sL+1*spr+5,2*sum2+2*bp+1*gp+7,3*d3+3*bo+2*dg+9,264,1,1,1,1,hit,backfill,回填,回填
2026058,2,1,9,2026057,264,1*bL+3*sL+1*spr+5,2*sum2+2*bp+1*gp+7,3*d3+3*bo+2*dg+9,543,1,1,1,1,hit,backfill,回填,回填
2026059,9,8,3,2026058,543,1*bL+3*sL+1*spr+5,2*sum2+2*bp+1*gp+7,3*d3+3*bo+2*dg+9,794,1,1,1,1,hit,backfill,回填,回填
2026060,8,5,9,2026059,794,1*bL+3*sL+1*spr+5,2*sum2+2*bp+1*gp+7,3*d3+3*bo+2*dg+9,943,1,1,1,1,hit,backfill,回填,回填
2026061,5,4,3,2026060,943,1*bL+3*sL+1*spr+5,2*sum2+2*bp+1*gp+7,3*d3+3*bo+2*dg+9,429,1,1,1,1,hit,backfill,回填,回填
2026062,4,8,2,2026061,429,1*bL+3*sL+1*spr+5,2*sum2+2*bp+1*gp+7,3*d3+3*bo+2*dg+9,294,1,1,1,1,hit,backfill,回填,回填
2026063,3,7,4,2026062,294,1*bL+3*sL+1*spr+5,2*sum2+2*bp+1*gp+7,3*d3+3*bo+2*dg+9,517,1,1,1,1,hit,backfill,回填,回填
2026064,3,6,6,2026063,517,1*bL+3*sL+1*spr+5,2*sum2+2*bp+1*gp+7,3*d3+3*bo+2*dg+9,604,1,1,1,1,hit,backfill,回填,回填
2026065,3,7,5,2026064,604,1*bL+3*sL+1*spr+5,2*sum2+2*bp+1*gp+7,3*d3+3*bo+2*dg+9,057,1,1,1,1,hit,backfill,回填,回填
2026066,1,8,1,2026065,057,1*bL+3*sL+1*spr+5,2*sum2+2*bp+1*gp+7,3*d3+3*bo+2*dg+9,934,1,1,1,1,hit,backfill,回填,回填
2026067,5,7,9,2026066,934,1*bL+3*sL+1*spr+5,2*sum2+2*bp+1*gp+7,3*d3+3*bo+2*dg+9,695,1,1,1,1,hit,backfill,回填,回填
2026068,0,4,3,2026067,695,1*bL+3*sL+1*spr+5,2*sum2+2*bp+1*gp+7,3*d3+3*bo+2*dg+9,706,1,1,1,1,hit,backfill,回填,回填
2026069,8,5,2,2026068,706,1*bL+3*sL+1*spr+5,2*sum2+2*bp+1*gp+7,3*d3+3*bo+2*dg+9,908,1,1,1,1,hit,backfill,回填,回填
2026070,2,5,0,2026069,908,1*bL+3*sL+1*spr+5,2*sum2+2*bp+1*gp+7,3*d3+3*bo+2*dg+9,484,1,1,1,1,hit,backfill,回填,回填
2026071,4,9,3,2026070,484,1*bL+3*sL+1*spr+5,2*sum2+2*bp+1*gp+7,3*d3+3*bo+2*dg+9,261,1,1,1,1,hit,backfill,回填,回填
2026072,1,8,8,2026071,261,1*bL+3*sL+1*spr+5,2*sum2+2*bp+1*gp+7,3*d3+3*bo+2*dg+9,245,1,1,1,1,hit,backfill,回填,回填
2026073,9,8,0,2026072,245,1*bL+3*sL+1*spr+5,2*sum2+2*bp+1*gp+7,3*d3+3*bo+2*dg+9,504,1,1,1,1,hit,backfill,回填,回填
2026074,9,1,2,2026073,504,1*bL+3*sL+1*spr+5,2*sum2+2*bp+1*gp+7,3*d3+3*bo+2*dg+9,487,1,1,1,1,hit,backfill,回填,回填
2026075,0,0,8,2026074,487,1*bL+3*sL+1*spr+5,2*sum2+2*bp+1*gp+7,3*d3+3*bo+2*dg+9,816,1,1,1,1,hit,backfill,回填,回填
2026076,1,9,2,2026075,816,1*bL+3*sL+1*spr+5,2*sum2+2*bp+1*gp+7,3*d3+3*bo+2*dg+9,863,1,1,1,1,hit,backfill,回填,回填
2026077,2,0,2,2026076,863,1*bL+3*sL+1*spr+5,2*sum2+2*bp+1*gp+7,3*d3+3*bo+2*dg+9,112,1,1,0,0,partial,backfill,回填,回填
2026078,7,5,3,2026077,112,1*bL+3*sL+1*spr+5,2*sum2+2*bp+1*gp+7,3*d3+3*bo+2*dg+9,049,1,1,1,1,hit,backfill,回填,回填
2026079,3,6,8,2026078,049,1*bL+3*sL+1*spr+5,2*sum2+2*bp+1*gp+7,3*d3+3*bo+2*dg+9,233,1,1,1,1,hit,backfill,回填,回填
2026080,9,2,7,2026079,233,1*bL+3*sL+1*spr+5,2*sum2+2*bp+1*gp+7,3*d3+3*bo+2*dg+9,802,1,1,1,1,hit,backfill,回填,回填
2026081,6,7,3,2026080,802,1*bL+3*sL+1*spr+5,2*sum2+2*bp+1*gp+7,3*d3+3*bo+2*dg+9,827,1,1,1,1,hit,backfill,回填,回填
2026082,3,2,4,2026081,827,1*bL+3*sL+1*spr+5,2*sum2+2*bp+1*gp+7,3*d3+3*bo+2*dg+9,942,1,1,1,1,hit,backfill,回填,回填
2026083,7,7,8,2026082,942,1*bL+3*sL+1*spr+5,2*sum2+2*bp+1*gp+7,3*d3+3*bo+2*dg+9,506,1,1,1,1,hit,backfill,回填,回填
2026084,6,3,8,2026083,506,1*bL+3*sL+1*spr+5,2*sum2+2*bp+1*gp+7,3*d3+3*bo+2*dg+9,456,1,1,1,1,hit,backfill,回填,回填
2026085,0,3,2,2026084,456,1*bL+3*sL+1*spr+5,2*sum2+2*bp+1*gp+7,3*d3+3*bo+2*dg+9,118,1,1,1,1,hit,backfill,回填,回填
2026086,9,1,7,2026085,118,1*bL+3*sL+1*spr+5,2*sum2+2*bp+1*gp+7,3*d3+3*bo+2*dg+9,382,1,1,1,1,hit,backfill,回填,回填
2026087,7,5,8,2026086,382,1*bL+3*sL+1*spr+5,2*sum2+2*bp+1*gp+7,3*d3+3*bo+2*dg+9,911,1,1,1,1,hit,backfill,回填,回填
2026088,0,6,0,2026087,911,1*bL+3*sL+1*spr+5,2*sum2+2*bp+1*gp+7,3*d3+3*bo+2*dg+9,608,1,1,1,1,hit,backfill,回填,回填
2026089,7,5,7,2026088,608,1*bL+3*sL+1*spr+5,2*sum2+2*bp+1*gp+7,3*d3+3*bo+2*dg+9,922,1,1,1,1,hit,backfill,回填,回填
2026090,1,3,0,2026089,922,1*bL+3*sL+1*spr+5,2*sum2+2*bp+1*gp+7,3*d3+3*bo+2*dg+9,816,1,1,1,1,hit,backfill,回填,回填
2026091,2,9,2,2026090,816,1*bL+3*sL+1*spr+5,2*sum2+2*bp+1*gp+7,3*d3+3*bo+2*dg+9,537,1,1,1,1,hit,backfill,回填,回填
2026092,9,0,6,2026091,537,1*bL+3*sL+1*spr+5,2*sum2+2*bp+1*gp+7,3*d3+3*bo+2*dg+9,870,1,1,1,1,hit,backfill,回填,回填
2026093,0,9,6,2026092,870,1*bL+3*sL+1*spr+5,2*sum2+2*bp+1*gp+7,3*d3+3*bo+2*dg+9,518,1,1,1,1,hit,backfill,回填,回填
2026094,1,7,9,2026093,518,1*bL+3*sL+1*spr+5,2*sum2+2*bp+1*gp+7,3*d3+3*bo+2*dg+9,418,1,1,1,1,hit,backfill,回填,回填
2026095,4,5,0,2026094,418,1*bL+3*sL+1*spr+5,2*sum2+2*bp+1*gp+7,3*d3+3*bo+2*dg+9,022,1,1,1,1,hit,backfill,回填,回填
2026096,4,2,7,2026095,022,1*bL+3*sL+1*spr+5,2*sum2+2*bp+1*gp+7,3*d3+3*bo+2*dg+9,689,1,1,1,1,hit,backfill,回填,回填
2026097,7,8,6,2026096,689,1*bL+3*sL+1*spr+5,2*sum2+2*bp+1*gp+7,3*d3+3*bo+2*dg+9,818,1,1,1,1,hit,backfill,回填,回填
2026098,3,3,8,2026097,818,1*bL+3*sL+1*spr+5,2*sum2+2*bp+1*gp+7,3*d3+3*bo+2*dg+9,513,1,1,1,1,hit,backfill,回填,回填
2026099,7,2,8,2026098,513,1*bL+3*sL+1*spr+5,2*sum2+2*bp+1*gp+7,3*d3+3*bo+2*dg+9,877,1,1,1,1,hit,backfill,回填,回填
2026100,0,2,7,2026099,877,1*bL+3*sL+1*spr+5,2*sum2+2*bp+1*gp+7,3*d3+3*bo+2*dg+9,414,1,1,1,1,hit,backfill,回填,回填
2026101,1,5,2,2026100,414,1*bL+3*sL+1*spr+5,2*sum2+2*bp+1*gp+7,3*d3+3*bo+2*dg+9,584,1,1,1,1,hit,backfill,回填,回填
2026102,0,7,4,2026101,584,1*bL+3*sL+1*spr+5,2*sum2+2*bp+1*gp+7,3*d3+3*bo+2*dg+9,420,1,1,1,1,hit,backfill,回填,回填
2026103,0,1,7,2026102,420,1*bL+3*sL+1*spr+5,2*sum2+2*bp+1*gp+7,3*d3+3*bo+2*dg+9,661,1,1,1,1,hit,backfill,回填,回填
2026104,7,4,6,2026103,661,1*bL+3*sL+1*spr+5,2*sum2+2*bp+1*gp+7,3*d3+3*bo+2*dg+9,482,1,1,1,1,hit,backfill,回填,回填
2026105,7,9,9,2026104,482,1*bL+3*sL+1*spr+5,2*sum2+2*bp+1*gp+7,3*d3+3*bo+2*dg+9,631,1,1,1,1,hit,backfill,回填,回填
2026106,7,8,3,2026105,631,1*bL+3*sL+1*spr+5,2*sum2+2*bp+1*gp+7,3*d3+3*bo+2*dg+9,928,1,1,1,1,hit,backfill,回填,回填
2026107,6,9,4,2026106,928,1*bL+3*sL+1*spr+5,2*sum2+2*bp+1*gp+7,3*d3+3*bo+2*dg+9,278,1,1,1,1,hit,backfill,回填,回填
2026108,4,1,2,2026107,278,1*bL+3*sL+1*spr+5,2*sum2+2*bp+1*gp+7,3*d3+3*bo+2*dg+9,671,1,1,1,1,hit,backfill,回填,回填
2026109,7,6,3,2026108,671,1*bL+3*sL+1*spr+5,2*sum2+2*bp+1*gp+7,3*d3+3*bo+2*dg+9,195,1,1,1,1,hit,backfill,回填,回填
2026110,5,4,2,2026109,195,1*bL+3*sL+1*spr+5,2*sum2+2*bp+1*gp+7,3*d3+3*bo+2*dg+9,379,1,1,1,1,hit,backfill,回填,回填
2026111,6,2,6,2026110,379,1*bL+3*sL+1*spr+5,2*sum2+2*bp+1*gp+7,3*d3+3*bo+2*dg+9,863,1,1,1,1,hit,backfill,回填,回填
2026112,1,0,6,2026111,863,1*bL+3*sL+1*spr+5,2*sum2+2*bp+1*gp+7,3*d3+3*bo+2*dg+9,065,1,1,1,1,hit,backfill,回填,回填
2026113,7,0,6,2026112,065,1*bL+3*sL+1*spr+5,2*sum2+2*bp+1*gp+7,3*d3+3*bo+2*dg+9,040,1,1,1,1,hit,backfill,回填,回填
2026114,7,8,1,2026113,040,1*bL+3*sL+1*spr+5,2*sum2+2*bp+1*gp+7,3*d3+3*bo+2*dg+9,864,1,1,1,1,hit,backfill,回填,回填
2026115,1,3,3,2026114,864,1*bL+3*sL+1*spr+5,2*sum2+2*bp+1*gp+7,3*d3+3*bo+2*dg+9,581,1,1,1,1,hit,backfill,回填,回填
2026116,9,4,7,2026115,581,1*bL+3*sL+1*spr+5,2*sum2+2*bp+1*gp+7,3*d3+3*bo+2*dg+9,020,1,1,1,1,hit,backfill,回填,回填
2026117,0,4,3,2026116,020,1*bL+3*sL+1*spr+5,2*sum2+2*bp+1*gp+7,3*d3+3*bo+2*dg+9,411,1,1,1,1,hit,backfill,回填,回填
2026118,3,6,1,2026117,411,1*bL+3*sL+1*spr+5,2*sum2+2*bp+1*gp+7,3*d3+3*bo+2*dg+9,132,1,1,1,1,hit,backfill,回填,回填
2026119,5,9,7,2026118,132,1*bL+3*sL+1*spr+5,2*sum2+2*bp+1*gp+7,3*d3+3*bo+2*dg+9,112,1,1,1,1,hit,backfill,回填,回填
2026120,8,5,5,2026119,112,1*bL+3*sL+1*spr+5,2*sum2+2*bp+1*gp+7,3*d3+3*bo+2*dg+9,734,1,1,1,1,hit,backfill,回填,回填
2026121,2,3,9,2026120,734,1*bL+3*sL+1*spr+5,2*sum2+2*bp+1*gp+7,3*d3+3*bo+2*dg+9,393,1,1,1,1,hit,backfill,回填,回填
2026122,8,2,8,2026121,393,1*bL+3*sL+1*spr+5,2*sum2+2*bp+1*gp+7,3*d3+3*bo+2*dg+9,346,1,1,1,1,hit,backfill,回填,回填
2026123,1,5,4,2026122,346,1*bL+3*sL+1*spr+5,2*sum2+2*bp+1*gp+7,3*d3+3*bo+2*dg+9,200,1,1,1,1,hit,backfill,回填,回填
2026124,0,3,7,2026123,200,1*bL+3*sL+1*spr+5,2*sum2+2*bp+1*gp+7,3*d3+3*bo+2*dg+9,280,1,1,1,1,hit,backfill,回填,回填
2026125,7,9,3,2026124,280,1*bL+3*sL+1*spr+5,2*sum2+2*bp+1*gp+7,3*d3+3*bo+2*dg+9,954,1,1,1,1,hit,backfill,回填,回填
2026126,1,1,3,2026125,954,1*bL+3*sL+1*spr+5,2*sum2+2*bp+1*gp+7,3*d3+3*bo+2*dg+9,846,1,1,1,1,hit,backfill,回填,回填
2026127,9,5,9,2026126,846,1*bL+3*sL+1*spr+5,2*sum2+2*bp+1*gp+7,3*d3+3*bo+2*dg+9,700,1,1,1,1,hit,backfill,回填,回填
2026128,5,3,0,2026127,700,1*bL+3*sL+1*spr+5,2*sum2+2*bp+1*gp+7,3*d3+3*bo+2*dg+9,776,1,1,1,1,hit,backfill,回填,回填
2026129,2,9,7,2026128,776,1*bL+3*sL+1*spr+5,2*sum2+2*bp+1*gp+7,3*d3+3*bo+2*dg+9,023,1,1,1,1,hit,backfill,回填,回填
2026130,7,2,6,2026129,023,1*bL+3*sL+1*spr+5,2*sum2+2*bp+1*gp+7,3*d3+3*bo+2*dg+9,267,1,1,1,1,hit,backfill,回填,回填
2026131,3,8,0,2026130,267,1*bL+3*sL+1*spr+5,2*sum2+2*bp+1*gp+7,3*d3+3*bo+2*dg+9,598,1,1,1,1,hit,backfill,回填,回填
2026132,9,3,7,2026131,598,1*bL+3*sL+1*spr+5,2*sum2+2*bp+1*gp+7,3*d3+3*bo+2*dg+9,756,1,1,1,1,hit,backfill,回填,回填
2026133,2,5,1,2026132,756,1*bL+3*sL+1*spr+5,2*sum2+2*bp+1*gp+7,3*d3+3*bo+2*dg+9,080,1,1,1,1,hit,backfill,回填,回填
2026134,7,6,1,2026133,080,1*bL+3*sL+1*spr+5,2*sum2+2*bp+1*gp+7,3*d3+3*bo+2*dg+9,654,1,1,1,1,hit,backfill,回填,回填
2026135,9,7,0,2026134,654,1*bL+3*sL+1*spr+5,2*sum2+2*bp+1*gp+7,3*d3+3*bo+2*dg+9,487,1,1,1,1,hit,backfill,回填,回填
2026136,6,0,8,2026135,487,1*bL+3*sL+1*spr+5,2*sum2+2*bp+1*gp+7,3*d3+3*bo+2*dg+9,889,1,1,1,1,hit,backfill,回填,回填
2026137,7,6,6,2026136,889,1*bL+3*sL+1*spr+5,2*sum2+2*bp+1*gp+7,3*d3+3*bo+2*dg+9,165,1,0,1,0,partial,backfill,回填,回填
2026138,5,8,7,2026137,165,1*bL+3*sL+1*spr+5,2*sum2+2*bp+1*gp+7,3*d3+3*bo+2*dg+9,790,1,1,1,1,hit,backfill,回填,回填
2026139,8,1,9,2026138,790,1*bL+3*sL+1*spr+5,2*sum2+2*bp+1*gp+7,3*d3+3*bo+2*dg+9,286,1,1,1,1,hit,backfill,回填,回填
2026140,1,1,7,2026139,286,1*bL+3*sL+1*spr+5,2*sum2+2*bp+1*gp+7,3*d3+3*bo+2*dg+9,285,1,1,1,1,hit,backfill,回填,回填
2026141,5,6,6,2026140,285,1*bL+3*sL+1*spr+5,2*sum2+2*bp+1*gp+7,3*d3+3*bo+2*dg+9,397,1,1,1,1,hit,backfill,回填,回填
2026142,3,8,2,2026141,397,1*bL+3*sL+1*spr+5,2*sum2+2*bp+1*gp+7,3*d3+3*bo+2*dg+9,894,1,1,1,1,hit,backfill,回填,回填
2026143,6,9,8,2026142,894,1*bL+3*sL+1*spr+5,2*sum2+2*bp+1*gp+7,3*d3+3*bo+2*dg+9,376,1,1,1,1,hit,backfill,回填,回填
2026144,3,1,9,2026143,376,1*bL+3*sL+1*spr+5,2*sum2+2*bp+1*gp+7,3*d3+3*bo+2*dg+9,726,1,1,1,1,hit,backfill,回填,回填
2026145,3,9,4,2026144,726,1*bL+3*sL+1*spr+5,2*sum2+2*bp+1*gp+7,3*d3+3*bo+2*dg+9,279,1,1,1,1,hit,backfill,回填,回填
2026146,2,0,1,2026145,279,1*bL+3*sL+1*spr+5,2*sum2+2*bp+1*gp+7,3*d3+3*bo+2*dg+9,464,1,1,1,1,hit,backfill,回填,回填
2026147,0,5,5,2026146,464,1*bL+3*sL+1*spr+5,2*sum2+2*bp+1*gp+7,3*d3+3*bo+2*dg+9,712,1,1,1,1,hit,backfill,回填,回填
2026148,3,9,1,2026147,712,1*bL+3*sL+1*spr+5,2*sum2+2*bp+1*gp+7,3*d3+3*bo+2*dg+9,408,1,1,1,1,hit,backfill,回填,回填
2026149,5,3,5,2026148,408,1*bL+3*sL+1*spr+5,2*sum2+2*bp+1*gp+7,3*d3+3*bo+2*dg+9,696,1,1,1,1,hit,backfill,回填,回填
2026150,9,5,4,2026149,696,1*bL+3*sL+1*spr+5,2*sum2+2*bp+1*gp+7,3*d3+3*bo+2*dg+9,720,1,1,1,1,hit,backfill,回填,回填
2026151,6,7,6,2026150,720,1*bL+3*sL+1*spr+5,2*sum2+2*bp+1*gp+7,3*d3+3*bo+2*dg+9,631,0,1,1,0,partial,backfill,回填,回填
2026152,4,8,7,2026151,631,1*bL+3*sL+1*spr+5,2*sum2+2*bp+1*gp+7,3*d3+3*bo+2*dg+9,220,1,1,1,1,hit,backfill,回填,回填
2026153,6,7,3,2026152,220,1*bL+3*sL+1*spr+5,2*sum2+2*bp+1*gp+7,3*d3+3*bo+2*dg+9,887,1,1,1,1,hit,backfill,回填,回填
2026154,9,4,6,2026153,887,1*bL+3*sL+1*spr+5,2*sum2+2*bp+1*gp+7,3*d3+3*bo+2*dg+9,377,1,1,1,1,hit,backfill,回填,回填
2026155,3,4,2,2026154,377,1*bL+3*sL+1*spr+5,2*sum2+2*bp+1*gp+7,3*d3+3*bo+2*dg+9,409,1,1,1,1,hit,backfill,回填,回填
2026156,9,4,0,2026155,409,1*bL+3*sL+1*spr+5,2*sum2+2*bp+1*gp+7,3*d3+3*bo+2*dg+9,162,1,1,1,1,hit,backfill,回填,回填
2026157,9,5,0,2026156,162,1*bL+3*sL+1*spr+5,2*sum2+2*bp+1*gp+7,3*d3+3*bo+2*dg+9,327,1,1,1,1,hit,backfill,回填,回填
2026158,6,4,7,2026157,327,1*bL+3*sL+1*spr+5,2*sum2+2*bp+1*gp+7,3*d3+3*bo+2*dg+9,178,1,1,1,1,hit,backfill,回填,回填
2026159,8,3,7,2026158,178,1*bL+3*sL+1*spr+5,2*sum2+2*bp+1*gp+7,3*d3+3*bo+2*dg+9,995,1,1,1,1,hit,backfill,回填,回填
2026160,0,6,8,2026159,995,1*bL+3*sL+1*spr+5,2*sum2+2*bp+1*gp+7,3*d3+3*bo+2*dg+9,332,1,1,1,1,hit,backfill,回填,回填
2026161,8,5,9,2026160,332,1*bL+3*sL+1*spr+5,2*sum2+2*bp+1*gp+7,3*d3+3*bo+2*dg+9,529,1,1,0,0,partial,backfill,回填,回填
2026162,3,0,7,2026161,529,1*bL+3*sL+1*spr+5,2*sum2+2*bp+1*gp+7,3*d3+3*bo+2*dg+9,585,1,1,1,1,hit,backfill,回填,回填
2026163,2,8,3,2026162,585,1*bL+3*sL+1*spr+5,2*sum2+2*bp+1*gp+7,3*d3+3*bo+2*dg+9,537,1,1,1,1,hit,backfill,回填,回填
2026164,8,0,8,2026163,537,1*bL+3*sL+1*spr+5,2*sum2+2*bp+1*gp+7,3*d3+3*bo+2*dg+9,690,1,1,1,1,hit,backfill,回填,回填
2026165,6,9,2,2026164,690,1*bL+3*sL+1*spr+5,2*sum2+2*bp+1*gp+7,3*d3+3*bo+2*dg+9,424,1,1,1,1,hit,backfill,回填,回填
2026166,6,7,3,2026165,424,1*bL+3*sL+1*spr+5,2*sum2+2*bp+1*gp+7,3*d3+3*bo+2*dg+9,900,1,1,1,1,hit,backfill,回填,回填
2026167,5,7,4,2026166,900,1*bL+3*sL+1*spr+5,2*sum2+2*bp+1*gp+7,3*d3+3*bo+2*dg+9,631,1,1,1,1,hit,backfill,回填,回填
2026168,4,8,7,2026167,631,1*bL+3*sL+1*spr+5,2*sum2+2*bp+1*gp+7,3*d3+3*bo+2*dg+9,130,1,1,1,1,hit,backfill,回填,回填
2026169,9,7,9,2026168,130,1*bL+3*sL+1*spr+5,2*sum2+2*bp+1*gp+7,3*d3+3*bo+2*dg+9,832,1,1,1,1,hit,backfill,回填,回填
2026170,4,3,6,2026169,832,1*bL+3*sL+1*spr+5,2*sum2+2*bp+1*gp+7,3*d3+3*bo+2*dg+9,805,1,1,1,1,hit,backfill,回填,回填
2026171,2,4,0,2026170,805,1*bL+3*sL+1*spr+5,2*sum2+2*bp+1*gp+7,3*d3+3*bo+2*dg+9,134,1,1,1,1,hit,backfill,回填,回填
2026172,3,1,3,2026171,134,1*bL+3*sL+1*spr+5,2*sum2+2*bp+1*gp+7,3*d3+3*bo+2*dg+9,445,1,1,1,1,hit,backfill,回填,回填
2026173,7,6,4,2026172,445,1*bL+3*sL+1*spr+5,2*sum2+2*bp+1*gp+7,3*d3+3*bo+2*dg+9,677,1,1,1,1,hit,backfill,回填,回填
2026174,9,4,3,2026173,677,1*bL+3*sL+1*spr+5,2*sum2+2*bp+1*gp+7,3*d3+3*bo+2*dg+9,618,1,1,1,1,hit,backfill,回填,回填
2026175,9,7,2,2026174,618,1*bL+3*sL+1*spr+5,2*sum2+2*bp+1*gp+7,3*d3+3*bo+2*dg+9,421,1,1,1,1,hit,backfill,回填,回填
2026176,6,8,8,2026175,421,1*bL+3*sL+1*spr+5,2*sum2+2*bp+1*gp+7,3*d3+3*bo+2*dg+9,269,1,1,1,1,hit,backfill,回填,回填
2026177,7,8,4,2026176,269,1*bL+3*sL+1*spr+5,2*sum2+2*bp+1*gp+7,3*d3+3*bo+2*dg+9,808,1,1,1,1,hit,backfill,回填,回填
2026178,5,1,1,2026177,808,1*bL+3*sL+1*spr+5,2*sum2+2*bp+1*gp+7,3*d3+3*bo+2*dg+9,266,1,1,1,1,hit,backfill,回填,回填
2026179,3,7,5,2026178,266,1*bL+3*sL+1*spr+5,2*sum2+2*bp+1*gp+7,3*d3+3*bo+2*dg+9,993,1,1,1,1,hit,backfill,回填,回填
2026180,9,4,4,2026179,993,1*bL+3*sL+1*spr+5,2*sum2+2*bp+1*gp+7,3*d3+3*bo+2*dg+9,520,1,1,1,1,hit,backfill,回填,回填
2026181,9,3,2,2026180,520,1*bL+3*sL+1*spr+5,2*sum2+2*bp+1*gp+7,3*d3+3*bo+2*dg+9,818,1,1,1,1,hit,backfill,回填,回填
2026182,8,3,6,2026181,818,1*bL+3*sL+1*spr+5,2*sum2+2*bp+1*gp+7,3*d3+3*bo+2*dg+9,662,1,1,1,1,hit,backfill,回填,回填
2026183,2,7,9,2026182,662,1*bL+3*sL+1*spr+5,2*sum2+2*bp+1*gp+7,3*d3+3*bo+2*dg+9,923,1,1,1,1,hit,backfill,回填,回填
2026184,1,0,7,2026183,923,1*bL+3*sL+1*spr+5,2*sum2+2*bp+1*gp+7,3*d3+3*bo+2*dg+9,902,1,0,1,0,partial,backfill,回填,回填
2026185,0,9,6,2026184,902,1*bL+3*sL+1*spr+5,2*sum2+2*bp+1*gp+7,3*d3+3*bo+2*dg+9,397,1,0,1,0,partial,backfill,回填,回填
2026186,4,8,8,2026185,397,1*bL+3*sL+1*spr+5,2*sum2+2*bp+1*gp+7,3*d3+3*bo+2*dg+9,045,1,1,1,1,hit,backfill,回填,回填
2026187,1,6,8,2026186,045,1*bL+3*sL+1*spr+5,2*sum2+2*bp+1*gp+7,3*d3+3*bo+2*dg+9,023,1,1,1,1,hit,backfill,回填,回填
2026188,5,2,8,2026187,023,1*bL+3*sL+1*spr+5,2*sum2+2*bp+1*gp+7,3*d3+3*bo+2*dg+9,969,1,1,1,1,hit,backfill,回填,回填
2026189,3,4,3,2026188,969,1*bL+3*sL+1*spr+5,2*sum2+2*bp+1*gp+7,3*d3+3*bo+2*dg+9,558,1,1,1,1,hit,backfill,回填,回填
2026190,2,5,9,2026189,558,1*bL+3*sL+1*spr+5,2*sum2+2*bp+1*gp+7,3*d3+3*bo+2*dg+9,026,1,1,1,1,hit,backfill,回填,回填
2026191,5,2,7,2026190,026,1*bL+3*sL+1*spr+5,2*sum2+2*bp+1*gp+7,3*d3+3*bo+2*dg+9,906,1,1,1,1,hit,backfill,回填,回填
2026192,1,3,0,2026191,906,1*bL+3*sL+1*spr+5,2*sum2+2*bp+1*gp+7,3*d3+3*bo+2*dg+9,425,1,1,1,1,hit,backfill,回填,回填
2026193,4,2,6,2026192,425,1*bL+3*sL+1*spr+5,2*sum2+2*bp+1*gp+7,3*d3+3*bo+2*dg+9,254,1,1,1,1,hit,backfill,回填,回填
2026194,5,9,0,2026193,254,1*bL+3*sL+1*spr+5,2*sum2+2*bp+1*gp+7,3*d3+3*bo+2*dg+9,283,1,1,1,1,hit,backfill,回填,回填
2026195,2,2,2,2026194,283,1*bL+3*sL+1*spr+5,2*sum2+2*bp+1*gp+7,3*d3+3*bo+2*dg+9,275,0,1,1,0,partial,backfill,回填,回填
2026196,7,4,9,2026195,275,1*bL+3*sL+1*spr+5,2*sum2+2*bp+1*gp+7,3*d3+3*bo+2*dg+9,419,1,1,0,0,partial,backfill,回填,回填
2026197,5,6,1,2026196,419,1*bL+3*sL+1*spr+5,2*sum2+2*bp+1*gp+7,3*d3+3*bo+2*dg+9,232,1,1,1,1,hit,backfill,回填,回填
2026198,5,9,8,2026197,232,1*bL+3*sL+1*spr+5,2*sum2+2*bp+1*gp+7,3*d3+3*bo+2*dg+9,685,1,1,1,1,hit,backfill,回填,回填
2026199,0,2,4,2026198,685,1*bL+3*sL+1*spr+5,2*sum2+2*bp+1*gp+7,3*d3+3*bo+2*dg+9,591,1,1,1,1,hit,backfill,回填,回填
2026200,7,6,8,2026199,591,1*bL+3*sL+1*spr+5,2*sum2+2*bp+1*gp+7,3*d3+3*bo+2*dg+9,912,1,1,1,1,hit,backfill,回填,回填
2026201,6,1,7,2026200,912,1*bL+3*sL+1*spr+5,2*sum2+2*bp+1*gp+7,3*d3+3*bo+2*dg+9,321,1,1,1,1,hit,backfill,回填,回填
2026202,9,4,3,2026201,321,1*bL+3*sL+1*spr+5,2*sum2+2*bp+1*gp+7,3*d3+3*bo+2*dg+9,988,0,1,1,0,partial,backfill,回填,回填
2026203,0,1,6,2026202,988,1*bL+3*sL+1*spr+5,2*sum2+2*bp+1*gp+7,3*d3+3*bo+2*dg+9,435,1,1,1,1,hit,backfill,回填,回填
2026204,2,4,9,2026203,435,1*bL+3*sL+1*spr+5,2*sum2+2*bp+1*gp+7,3*d3+3*bo+2*dg+9,978,1,1,1,1,hit,backfill,回填,回填
2026205,9,9,1,2026204,978,1*bL+3*sL+1*spr+5,2*sum2+2*bp+1*gp+7,3*d3+3*bo+2*dg+9,814,1,1,1,1,hit,backfill,回填,回填
2026206,2,3,0,2026205,814,1*bL+3*sL+1*spr+5,2*sum2+2*bp+1*gp+7,3*d3+3*bo+2*dg+9,942,1,1,1,1,hit,backfill,回填,回填
2026207,0,7,4,2026206,942,1*bL+3*sL+1*spr+5,2*sum2+2*bp+1*gp+7,3*d3+3*bo+2*dg+9,415,1,1,1,1,hit,backfill,回填,回填
2026208,0,0,7,2026207,415,1*bL+3*sL+1*spr+5,2*sum2+2*bp+1*gp+7,3*d3+3*bo+2*dg+9,632,1,1,1,1,hit,backfill,回填,回填
2026209,5,1,6,2026208,632,1*bL+3*sL+1*spr+5,2*sum2+2*bp+1*gp+7,3*d3+3*bo+2*dg+9,289,1,1,1,1,hit,backfill,回填,回填
2026210,4,2,6,2026209,289,1*bL+3*sL+1*spr+5,2*sum2+2*bp+1*gp+7,3*d3+3*bo+2*dg+9,755,1,1,1,1,hit,backfill,回填,回填
2026211,1,0,4,2026210,755,1*bL+3*sL+1*spr+5,2*sum2+2*bp+1*gp+7,3*d3+3*bo+2*dg+9,708,1,0,1,0,partial,backfill,回填,回填
2026212,7,5,2,2026211,708,1*bL+3*sL+1*spr+5,2*sum2+2*bp+1*gp+7,3*d3+3*bo+2*dg+9,561,1,1,1,1,hit,backfill,回填,回填
2026213,2,0,3,2026212,561,1*bL+3*sL+1*spr+5,2*sum2+2*bp+1*gp+7,3*d3+3*bo+2*dg+9,872,1,1,1,1,hit,backfill,回填,回填
2026214,0,1,6,2026213,872,1*bL+3*sL+1*spr+5,2*sum2+2*bp+1*gp+7,3*d3+3*bo+2*dg+9,545,1,1,1,1,hit,backfill,回填,回填
2026215,2,0,1,2026214,545,1*bL+3*sL+1*spr+5,2*sum2+2*bp+1*gp+7,3*d3+3*bo+2*dg+9,172,1,1,1,1,hit,backfill,回填,回填
2026216,0,7,1,2026215,172,1*bL+3*sL+1*spr+5,2*sum2+2*bp+1*gp+7,3*d3+3*bo+2*dg+9,935,1,1,1,1,hit,backfill,回填,回填
2026217,8,4,4,2026216,935,1*bL+3*sL+1*spr+5,2*sum2+2*bp+1*gp+7,3*d3+3*bo+2*dg+9,882,0,1,1,0,partial,backfill,回填,回填
2026218,7,3,1,2026217,882,1*bL+3*sL+1*spr+5,2*sum2+2*bp+1*gp+7,3*d3+3*bo+2*dg+9,382,1,1,1,1,hit,backfill,回填,回填
2026219,1,5,0,2026218,382,1*bL+3*sL+1*spr+5,2*sum2+2*bp+1*gp+7,3*d3+3*bo+2*dg+9,225,1,1,1,1,hit,backfill,回填,回填
2026220,8,4,4,2026219,225,1*bL+3*sL+1*spr+5,2*sum2+2*bp+1*gp+7,3*d3+3*bo+2*dg+9,373,1,1,1,1,hit,backfill,回填,回填
2026221,7,8,0,2026220,373,1*bL+3*sL+1*spr+5,2*sum2+2*bp+1*gp+7,3*d3+3*bo+2*dg+9,296,1,1,1,1,hit,backfill,回填,回填
2026222,2,3,4,2026221,296,1*bL+3*sL+1*spr+5,2*sum2+2*bp+1*gp+7,3*d3+3*bo+2*dg+9,380,1,1,1,1,hit,backfill,回填,回填
2026223,6,1,4,2026222,380,1*bL+3*sL+1*spr+5,2*sum2+2*bp+1*gp+7,3*d3+3*bo+2*dg+9,948,1,1,1,1,hit,backfill,回填,回填
2026224,4,3,0,2026223,948,1*bL+3*sL+1*spr+5,2*sum2+2*bp+1*gp+7,3*d3+3*bo+2*dg+9,862,1,1,1,1,hit,backfill,回填,回填
2026225,0,9,9,2026224,862,1*bL+3*sL+1*spr+5,2*sum2+2*bp+1*gp+7,3*d3+3*bo+2*dg+9,555,1,1,1,1,hit,backfill,回填,回填
2026226,1,2,8,2026225,555,1*bL+3*sL+1*spr+5,2*sum2+2*bp+1*gp+7,3*d3+3*bo+2*dg+9,851,1,1,1,1,hit,backfill,回填,回填
2026227,0,0,3,2026226,851,1*bL+3*sL+1*spr+5,2*sum2+2*bp+1*gp+7,3*d3+3*bo+2*dg+9,522,1,1,1,1,hit,backfill,回填,回填
2026228,8,3,4,2026227,522,1*bL+3*sL+1*spr+5,2*sum2+2*bp+1*gp+7,3*d3+3*bo+2*dg+9,399,1,1,1,1,hit,backfill,回填,回填
2026229,4,6,6,2026228,399,1*bL+3*sL+1*spr+5,2*sum2+2*bp+1*gp+7,3*d3+3*bo+2*dg+9,828,1,1,1,1,hit,backfill,回填,回填
2026230,3,5,5,2026229,828,1*bL+3*sL+1*spr+5,2*sum2+2*bp+1*gp+7,3*d3+3*bo+2*dg+9,066,1,1,1,1,hit,backfill,回填,回填
2026231,1,0,5,2026230,066,1*bL+3*sL+1*spr+5,2*sum2+2*bp+1*gp+7,3*d3+3*bo+2*dg+9,733,1,1,1,1,hit,backfill,回填,回填
2026232,1,0,6,2026231,733,1*bL+3*sL+1*spr+5,2*sum2+2*bp+1*gp+7,3*d3+3*bo+2*dg+9,658,1,1,1,1,hit,backfill,回填,回填
2026233,6,5,8,2026232,658,1*bL+3*sL+1*spr+5,2*sum2+2*bp+1*gp+7,3*d3+3*bo+2*dg+9,970,1,1,1,1,hit,backfill,回填,回填
2026234,1,1,7,2026233,970,1*bL+3*sL+1*spr+5,2*sum2+2*bp+1*gp+7,3*d3+3*bo+2*dg+9,695,1,1,1,1,hit,backfill,回填,回填
2026235,8,4,1,2026234,695,1*bL+3*sL+1*spr+5,2*sum2+2*bp+1*gp+7,3*d3+3*bo+2*dg+9,219,1,1,1,1,hit,live,2026-09-02 13:25,2026-09-03 01:33
2026236,7,8,1,2026235,219,1*bL+3*sL+1*spr+5,2*sum2+2*bp+1*gp+7,3*d3+3*bo+2*dg+9,,,,,,pending,live,2026-09-03 01:33,
